2026-10-06 15:34:53,398 | INFO    | main | Run started
2026-10-06 15:34:53,398 | INFO    | scrapers.base_scraper | [Books to Scrape] Starting at https://books.toscrape.com/
2026-10-06 15:34:53,398 | INFO    | scrapers.base_scraper | [Books to Scrape] Page 1: https://books.toscrape.com/
2026-10-06 15:34:56,293 | DEBUG   | scrapers.base_scraper | GET https://books.toscrape.com/ -> HTTP 200
2026-10-06 15:34:56,880 | INFO    | scrapers.base_scraper | [Books to Scrape] Page 2: https://books.toscrape.com/catalogue/page-2.html
2026-10-06 15:34:57,634 | DEBUG   | scrapers.base_scraper | GET https://books.toscrape.com/catalogue/page-2.html -> HTTP 200
2026-10-06 15:34:58,198 | INFO    | scrapers.base_scraper | [Books to Scrape] Page 3: https://books.toscrape.com/catalogue/page-3.html
2026-10-06 15:34:58,932 | DEBUG   | scrapers.base_scraper | GET https://books.toscrape.com/catalogue/page-3.html -> HTTP 200
2026-10-06 15:34:59,516 | INFO    | scrapers.base_scraper | [Books to Scrape] Page 4: https://books.toscrape.com/catalogue/page-4.html
2026-10-06 15:35:00,224 | DEBUG   | scrapers.base_scraper | GET https://books.toscrape.com/catalogue/page-4.html -> HTTP 200
2026-10-06 15:35:00,782 | INFO    | scrapers.base_scraper | [Books to Scrape] Page 5: https://books.toscrape.com/catalogue/page-5.html
2026-10-06 15:35:01,459 | DEBUG   | scrapers.base_scraper | GET https://books.toscrape.com/catalogue/page-5.html -> HTTP 200
2026-10-06 15:35:02,037 | INFO    | scrapers.base_scraper | [Books to Scrape] Page 6: https://books.toscrape.com/catalogue/page-6.html
2026-10-06 15:35:02,749 | DEBUG   | scrapers.base_scraper | GET https://books.toscrape.com/catalogue/page-6.html -> HTTP 200
2026-10-06 15:35:03,314 | INFO    | scrapers.base_scraper | [Books to Scrape] Page 7: https://books.toscrape.com/catalogue/page-7.html
2026-10-06 15:35:04,003 | DEBUG   | scrapers.base_scraper | GET https://books.toscrape.com/catalogue/page-7.html -> HTTP 200
2026-10-06 15:35:04,586 | INFO    | scrapers.base_scraper | [Books to Scrape] Page 8: https://books.toscrape.com/catalogue/page-8.html
2026-10-06 15:35:05,348 | DEBUG   | scrapers.base_scraper | GET https://books.toscrape.com/catalogue/page-8.html -> HTTP 200
2026-10-06 15:35:05,934 | INFO    | scrapers.base_scraper | [Books to Scrape] Page 9: https://books.toscrape.com/catalogue/page-9.html
2026-10-06 15:35:06,682 | DEBUG   | scrapers.base_scraper | GET https://books.toscrape.com/catalogue/page-9.html -> HTTP 200
2026-10-06 15:35:07,245 | INFO    | scrapers.base_scraper | [Books to Scrape] Page 10: https://books.toscrape.com/catalogue/page-10.html
2026-10-06 15:35:07,978 | DEBUG   | scrapers.base_scraper | GET https://books.toscrape.com/catalogue/page-10.html -> HTTP 200
2026-10-06 15:35:08,536 | INFO    | scrapers.base_scraper | [Books to Scrape] Page 11: https://books.toscrape.com/catalogue/page-11.html
2026-10-06 15:35:09,247 | DEBUG   | scrapers.base_scraper | GET https://books.toscrape.com/catalogue/page-11.html -> HTTP 200
2026-10-06 15:35:09,881 | INFO    | scrapers.base_scraper | [Books to Scrape] Page 12: https://books.toscrape.com/catalogue/page-12.html
2026-10-06 15:35:10,630 | DEBUG   | scrapers.base_scraper | GET https://books.toscrape.com/catalogue/page-12.html -> HTTP 200
2026-10-06 15:35:11,177 | INFO    | scrapers.base_scraper | [Books to Scrape] Page 13: https://books.toscrape.com/catalogue/page-13.html
2026-10-06 15:35:11,886 | DEBUG   | scrapers.base_scraper | GET https://books.toscrape.com/catalogue/page-13.html -> HTTP 200
2026-10-06 15:35:12,435 | INFO    | scrapers.base_scraper | [Books to Scrape] Page 14: https://books.toscrape.com/catalogue/page-14.html
2026-10-06 15:35:13,113 | DEBUG   | scrapers.base_scraper | GET https://books.toscrape.com/catalogue/page-14.html -> HTTP 200
2026-10-06 15:35:13,685 | INFO    | scrapers.base_scraper | [Books to Scrape] Page 15: https://books.toscrape.com/catalogue/page-15.html
2026-10-06 15:35:14,751 | DEBUG   | scrapers.base_scraper | GET https://books.toscrape.com/catalogue/page-15.html -> HTTP 200
2026-10-06 15:35:15,309 | INFO    | scrapers.base_scraper | [Books to Scrape] Page 16: https://books.toscrape.com/catalogue/page-16.html
2026-10-06 15:35:15,754 | DEBUG   | scrapers.base_scraper | GET https://books.toscrape.com/catalogue/page-16.html -> HTTP 200
2026-10-06 15:35:16,336 | INFO    | scrapers.base_scraper | [Books to Scrape] Page 17: https://books.toscrape.com/catalogue/page-17.html
2026-10-06 15:35:16,752 | DEBUG   | scrapers.base_scraper | GET https://books.toscrape.com/catalogue/page-17.html -> HTTP 200
2026-10-06 15:35:17,318 | INFO    | scrapers.base_scraper | [Books to Scrape] Page 18: https://books.toscrape.com/catalogue/page-18.html
2026-10-06 15:35:17,716 | DEBUG   | scrapers.base_scraper | GET https://books.toscrape.com/catalogue/page-18.html -> HTTP 200
2026-10-06 15:35:18,292 | INFO    | scrapers.base_scraper | [Books to Scrape] Page 19: https://books.toscrape.com/catalogue/page-19.html
2026-10-06 15:35:18,993 | DEBUG   | scrapers.base_scraper | GET https://books.toscrape.com/catalogue/page-19.html -> HTTP 200
2026-10-06 15:35:19,551 | INFO    | scrapers.base_scraper | [Books to Scrape] Page 20: https://books.toscrape.com/catalogue/page-20.html
2026-10-06 15:35:20,308 | DEBUG   | scrapers.base_scraper | GET https://books.toscrape.com/catalogue/page-20.html -> HTTP 200
2026-10-06 15:35:20,878 | INFO    | scrapers.base_scraper | [Books to Scrape] Page 21: https://books.toscrape.com/catalogue/page-21.html
2026-10-06 15:35:21,627 | DEBUG   | scrapers.base_scraper | GET https://books.toscrape.com/catalogue/page-21.html -> HTTP 200
2026-10-06 15:35:22,229 | INFO    | scrapers.base_scraper | [Books to Scrape] Page 22: https://books.toscrape.com/catalogue/page-22.html
2026-10-06 15:35:22,973 | DEBUG   | scrapers.base_scraper | GET https://books.toscrape.com/catalogue/page-22.html -> HTTP 200
2026-10-06 15:35:23,525 | INFO    | scrapers.base_scraper | [Books to Scrape] Page 23: https://books.toscrape.com/catalogue/page-23.html
2026-10-06 15:35:24,457 | DEBUG   | scrapers.base_scraper | GET https://books.toscrape.com/catalogue/page-23.html -> HTTP 200
2026-10-06 15:35:25,023 | INFO    | scrapers.base_scraper | [Books to Scrape] Page 24: https://books.toscrape.com/catalogue/page-24.html
2026-10-06 15:35:25,398 | DEBUG   | scrapers.base_scraper | GET https://books.toscrape.com/catalogue/page-24.html -> HTTP 200
2026-10-06 15:35:25,957 | INFO    | scrapers.base_scraper | [Books to Scrape] Page 25: https://books.toscrape.com/catalogue/page-25.html
2026-10-06 15:35:26,666 | DEBUG   | scrapers.base_scraper | GET https://books.toscrape.com/catalogue/page-25.html -> HTTP 200
2026-10-06 15:35:27,222 | INFO    | scrapers.base_scraper | [Books to Scrape] Page 26: https://books.toscrape.com/catalogue/page-26.html
2026-10-06 15:35:27,894 | DEBUG   | scrapers.base_scraper | GET https://books.toscrape.com/catalogue/page-26.html -> HTTP 200
2026-10-06 15:35:28,474 | INFO    | scrapers.base_scraper | [Books to Scrape] Page 27: https://books.toscrape.com/catalogue/page-27.html
2026-10-06 15:35:29,215 | DEBUG   | scrapers.base_scraper | GET https://books.toscrape.com/catalogue/page-27.html -> HTTP 200
2026-10-06 15:35:29,772 | INFO    | scrapers.base_scraper | [Books to Scrape] Page 28: https://books.toscrape.com/catalogue/page-28.html
2026-10-06 15:35:30,554 | DEBUG   | scrapers.base_scraper | GET https://books.toscrape.com/catalogue/page-28.html -> HTTP 200
2026-10-06 15:35:31,204 | INFO    | scrapers.base_scraper | [Books to Scrape] Page 29: https://books.toscrape.com/catalogue/page-29.html
2026-10-06 15:35:32,276 | DEBUG   | scrapers.base_scraper | GET https://books.toscrape.com/catalogue/page-29.html -> HTTP 200
2026-10-06 15:35:32,830 | INFO    | scrapers.base_scraper | [Books to Scrape] Page 30: https://books.toscrape.com/catalogue/page-30.html
2026-10-06 15:35:33,239 | DEBUG   | scrapers.base_scraper | GET https://books.toscrape.com/catalogue/page-30.html -> HTTP 200
2026-10-06 15:35:33,821 | INFO    | scrapers.base_scraper | [Books to Scrape] Page 31: https://books.toscrape.com/catalogue/page-31.html
2026-10-06 15:35:34,194 | DEBUG   | scrapers.base_scraper | GET https://books.toscrape.com/catalogue/page-31.html -> HTTP 200
2026-10-06 15:35:34,753 | INFO    | scrapers.base_scraper | [Books to Scrape] Page 32: https://books.toscrape.com/catalogue/page-32.html
2026-10-06 15:35:35,158 | DEBUG   | scrapers.base_scraper | GET https://books.toscrape.com/catalogue/page-32.html -> HTTP 200
2026-10-06 15:35:35,732 | INFO    | scrapers.base_scraper | [Books to Scrape] Page 33: https://books.toscrape.com/catalogue/page-33.html
2026-10-06 15:35:36,487 | DEBUG   | scrapers.base_scraper | GET https://books.toscrape.com/catalogue/page-33.html -> HTTP 200
2026-10-06 15:35:37,066 | INFO    | scrapers.base_scraper | [Books to Scrape] Page 34: https://books.toscrape.com/catalogue/page-34.html
2026-10-06 15:35:37,852 | DEBUG   | scrapers.base_scraper | GET https://books.toscrape.com/catalogue/page-34.html -> HTTP 200
2026-10-06 15:35:38,403 | INFO    | scrapers.base_scraper | [Books to Scrape] Page 35: https://books.toscrape.com/catalogue/page-35.html
2026-10-06 15:35:39,235 | DEBUG   | scrapers.base_scraper | GET https://books.toscrape.com/catalogue/page-35.html -> HTTP 200
2026-10-06 15:35:39,940 | INFO    | scrapers.base_scraper | [Books to Scrape] Page 36: https://books.toscrape.com/catalogue/page-36.html
2026-10-06 15:35:41,426 | DEBUG   | scrapers.base_scraper | GET https://books.toscrape.com/catalogue/page-36.html -> HTTP 200
2026-10-06 15:35:42,000 | INFO    | scrapers.base_scraper | [Books to Scrape] Page 37: https://books.toscrape.com/catalogue/page-37.html
2026-10-06 15:35:42,751 | DEBUG   | scrapers.base_scraper | GET https://books.toscrape.com/catalogue/page-37.html -> HTTP 200
2026-10-06 15:35:43,302 | INFO    | scrapers.base_scraper | [Books to Scrape] Page 38: https://books.toscrape.com/catalogue/page-38.html
2026-10-06 15:35:44,047 | DEBUG   | scrapers.base_scraper | GET https://books.toscrape.com/catalogue/page-38.html -> HTTP 200
2026-10-06 15:35:44,614 | INFO    | scrapers.base_scraper | [Books to Scrape] Page 39: https://books.toscrape.com/catalogue/page-39.html
2026-10-06 15:35:45,300 | DEBUG   | scrapers.base_scraper | GET https://books.toscrape.com/catalogue/page-39.html -> HTTP 200
2026-10-06 15:35:45,891 | INFO    | scrapers.base_scraper | [Books to Scrape] Page 40: https://books.toscrape.com/catalogue/page-40.html
2026-10-06 15:35:46,766 | DEBUG   | scrapers.base_scraper | GET https://books.toscrape.com/catalogue/page-40.html -> HTTP 200
2026-10-06 15:35:47,334 | INFO    | scrapers.base_scraper | [Books to Scrape] Page 41: https://books.toscrape.com/catalogue/page-41.html
2026-10-06 15:35:48,192 | DEBUG   | scrapers.base_scraper | GET https://books.toscrape.com/catalogue/page-41.html -> HTTP 200
2026-10-06 15:35:48,741 | INFO    | scrapers.base_scraper | [Books to Scrape] Page 42: https://books.toscrape.com/catalogue/page-42.html
2026-10-06 15:35:49,423 | DEBUG   | scrapers.base_scraper | GET https://books.toscrape.com/catalogue/page-42.html -> HTTP 200
2026-10-06 15:35:50,004 | INFO    | scrapers.base_scraper | [Books to Scrape] Page 43: https://books.toscrape.com/catalogue/page-43.html
2026-10-06 15:35:50,746 | DEBUG   | scrapers.base_scraper | GET https://books.toscrape.com/catalogue/page-43.html -> HTTP 200
2026-10-06 15:35:51,301 | INFO    | scrapers.base_scraper | [Books to Scrape] Page 44: https://books.toscrape.com/catalogue/page-44.html
2026-10-06 15:35:52,054 | DEBUG   | scrapers.base_scraper | GET https://books.toscrape.com/catalogue/page-44.html -> HTTP 200
2026-10-06 15:35:52,614 | INFO    | scrapers.base_scraper | [Books to Scrape] Page 45: https://books.toscrape.com/catalogue/page-45.html
2026-10-06 15:35:53,314 | DEBUG   | scrapers.base_scraper | GET https://books.toscrape.com/catalogue/page-45.html -> HTTP 200
2026-10-06 15:35:53,875 | INFO    | scrapers.base_scraper | [Books to Scrape] Page 46: https://books.toscrape.com/catalogue/page-46.html
2026-10-06 15:35:54,603 | DEBUG   | scrapers.base_scraper | GET https://books.toscrape.com/catalogue/page-46.html -> HTTP 200
2026-10-06 15:35:55,162 | INFO    | scrapers.base_scraper | [Books to Scrape] Page 47: https://books.toscrape.com/catalogue/page-47.html
2026-10-06 15:35:55,911 | DEBUG   | scrapers.base_scraper | GET https://books.toscrape.com/catalogue/page-47.html -> HTTP 200
2026-10-06 15:35:56,471 | INFO    | scrapers.base_scraper | [Books to Scrape] Page 48: https://books.toscrape.com/catalogue/page-48.html
2026-10-06 15:35:57,147 | DEBUG   | scrapers.base_scraper | GET https://books.toscrape.com/catalogue/page-48.html -> HTTP 200
2026-10-06 15:35:57,703 | INFO    | scrapers.base_scraper | [Books to Scrape] Page 49: https://books.toscrape.com/catalogue/page-49.html
2026-10-06 15:35:58,732 | DEBUG   | scrapers.base_scraper | GET https://books.toscrape.com/catalogue/page-49.html -> HTTP 200
2026-10-06 15:35:59,284 | INFO    | scrapers.base_scraper | [Books to Scrape] Page 50: https://books.toscrape.com/catalogue/page-50.html
2026-10-06 15:36:00,039 | DEBUG   | scrapers.base_scraper | GET https://books.toscrape.com/catalogue/page-50.html -> HTTP 200
2026-10-06 15:36:00,582 | INFO    | scrapers.books_scraper | [Books to Scrape] Fetching 1000 detail pages
2026-10-06 15:36:00,952 | DEBUG   | scrapers.base_scraper | GET https://books.toscrape.com/catalogue/a-light-in-the-attic_1000/index.html -> HTTP 200
2026-10-06 15:36:01,875 | DEBUG   | scrapers.base_scraper | GET https://books.toscrape.com/catalogue/tipping-the-velvet_999/index.html -> HTTP 200
2026-10-06 15:36:03,228 | DEBUG   | scrapers.base_scraper | GET https://books.toscrape.com/catalogue/soumission_998/index.html -> HTTP 200
2026-10-06 15:36:04,513 | DEBUG   | scrapers.base_scraper | GET https://books.toscrape.com/catalogue/sharp-objects_997/index.html -> HTTP 200
2026-10-06 15:36:05,757 | DEBUG   | scrapers.base_scraper | GET https://books.toscrape.com/catalogue/sapiens-a-brief-history-of-humankind_996/index.html -> HTTP 200
2026-10-06 15:36:07,380 | DEBUG   | scrapers.base_scraper | GET https://books.toscrape.com/catalogue/the-requiem-red_995/index.html -> HTTP 200
2026-10-06 15:36:08,670 | DEBUG   | scrapers.base_scraper | GET https://books.toscrape.com/catalogue/the-dirty-little-secrets-of-getting-your-dream-job_994/index.html -> HTTP 200
2026-10-06 15:36:09,832 | DEBUG   | scrapers.base_scraper | GET https://books.toscrape.com/catalogue/the-coming-woman-a-novel-based-on-the-life-of-the-infamous-feminist-victoria-woodhull_993/index.html -> HTTP 200
2026-10-06 15:36:11,249 | DEBUG   | scrapers.base_scraper | GET https://books.toscrape.com/catalogue/the-boys-in-the-boat-nine-americans-and-their-epic-quest-for-gold-at-the-1936-berlin-olympics_992/index.html -> HTTP 200
2026-10-06 15:36:12,188 | DEBUG   | scrapers.base_scraper | GET https://books.toscrape.com/catalogue/the-black-maria_991/index.html -> HTTP 200
2026-10-06 15:36:13,053 | DEBUG   | scrapers.base_scraper | GET https://books.toscrape.com/catalogue/starving-hearts-triangular-trade-trilogy-1_990/index.html -> HTTP 200
2026-10-06 15:36:13,913 | DEBUG   | scrapers.base_scraper | GET https://books.toscrape.com/catalogue/shakespeares-sonnets_989/index.html -> HTTP 200
2026-10-06 15:36:14,868 | DEBUG   | scrapers.base_scraper | GET https://books.toscrape.com/catalogue/set-me-free_988/index.html -> HTTP 200
2026-10-06 15:36:16,370 | DEBUG   | scrapers.base_scraper | GET https://books.toscrape.com/catalogue/scott-pilgrims-precious-little-life-scott-pilgrim-1_987/index.html -> HTTP 200
2026-10-06 15:36:17,269 | DEBUG   | scrapers.base_scraper | GET https://books.toscrape.com/catalogue/rip-it-up-and-start-again_986/index.html -> HTTP 200
2026-10-06 15:36:18,170 | DEBUG   | scrapers.base_scraper | GET https://books.toscrape.com/catalogue/our-band-could-be-your-life-scenes-from-the-american-indie-underground-1981-1991_985/index.html -> HTTP 200
2026-10-06 15:36:19,050 | DEBUG   | scrapers.base_scraper | GET https://books.toscrape.com/catalogue/olio_984/index.html -> HTTP 200
2026-10-06 15:36:19,928 | DEBUG   | scrapers.base_scraper | GET https://books.toscrape.com/catalogue/mesaerion-the-best-science-fiction-stories-1800-1849_983/index.html -> HTTP 200
2026-10-06 15:36:20,788 | DEBUG   | scrapers.base_scraper | GET https://books.toscrape.com/catalogue/libertarianism-for-beginners_982/index.html -> HTTP 200
2026-10-06 15:36:21,693 | DEBUG   | scrapers.base_scraper | GET https://books.toscrape.com/catalogue/its-only-the-himalayas_981/index.html -> HTTP 200
2026-10-06 15:36:22,580 | DEBUG   | scrapers.base_scraper | GET https://books.toscrape.com/catalogue/in-her-wake_980/index.html -> HTTP 200
2026-10-06 15:36:23,872 | DEBUG   | scrapers.base_scraper | GET https://books.toscrape.com/catalogue/how-music-works_979/index.html -> HTTP 200
2026-10-06 15:36:25,146 | DEBUG   | scrapers.base_scraper | GET https://books.toscrape.com/catalogue/foolproof-preserving-a-guide-to-small-batch-jams-jellies-pickles-condiments-and-more-a-foolproof-guide-to-making-small-batch-jams-jellies-pickles-condiments-and-more_978/index.html -> HTTP 200
2026-10-06 15:36:26,417 | DEBUG   | scrapers.base_scraper | GET https://books.toscrape.com/catalogue/chase-me-paris-nights-2_977/index.html -> HTTP 200
2026-10-06 15:36:27,650 | DEBUG   | scrapers.base_scraper | GET https://books.toscrape.com/catalogue/black-dust_976/index.html -> HTTP 200
2026-10-06 15:36:28,880 | DEBUG   | scrapers.base_scraper | GET https://books.toscrape.com/catalogue/birdsong-a-story-in-pictures_975/index.html -> HTTP 200
2026-10-06 15:36:30,076 | DEBUG   | scrapers.base_scraper | GET https://books.toscrape.com/catalogue/americas-cradle-of-quarterbacks-western-pennsylvanias-football-factory-from-johnny-unitas-to-joe-montana_974/index.html -> HTTP 200
2026-10-06 15:36:31,712 | DEBUG   | scrapers.base_scraper | GET https://books.toscrape.com/catalogue/aladdin-and-his-wonderful-lamp_973/index.html -> HTTP 200
2026-10-06 15:36:33,005 | DEBUG   | scrapers.base_scraper | GET https://books.toscrape.com/catalogue/worlds-elsewhere-journeys-around-shakespeares-globe_972/index.html -> HTTP 200
2026-10-06 15:36:33,940 | DEBUG   | scrapers.base_scraper | GET https://books.toscrape.com/catalogue/wall-and-piece_971/index.html -> HTTP 200
2026-10-06 15:36:34,807 | DEBUG   | scrapers.base_scraper | GET https://books.toscrape.com/catalogue/the-four-agreements-a-practical-guide-to-personal-freedom_970/index.html -> HTTP 200
2026-10-06 15:36:35,973 | DEBUG   | scrapers.base_scraper | GET https://books.toscrape.com/catalogue/the-five-love-languages-how-to-express-heartfelt-commitment-to-your-mate_969/index.html -> HTTP 200
2026-10-06 15:36:36,906 | DEBUG   | scrapers.base_scraper | GET https://books.toscrape.com/catalogue/the-elephant-tree_968/index.html -> HTTP 200
2026-10-06 15:36:37,950 | DEBUG   | scrapers.base_scraper | GET https://books.toscrape.com/catalogue/the-bear-and-the-piano_967/index.html -> HTTP 200
2026-10-06 15:36:38,844 | DEBUG   | scrapers.base_scraper | GET https://books.toscrape.com/catalogue/sophies-world_966/index.html -> HTTP 200
2026-10-06 15:36:39,758 | DEBUG   | scrapers.base_scraper | GET https://books.toscrape.com/catalogue/penny-maybe_965/index.html -> HTTP 200
2026-10-06 15:36:40,988 | DEBUG   | scrapers.base_scraper | GET https://books.toscrape.com/catalogue/maude-1883-1993she-grew-up-with-the-country_964/index.html -> HTTP 200
2026-10-06 15:36:41,891 | DEBUG   | scrapers.base_scraper | GET https://books.toscrape.com/catalogue/in-a-dark-dark-wood_963/index.html -> HTTP 200
2026-10-06 15:36:42,789 | DEBUG   | scrapers.base_scraper | GET https://books.toscrape.com/catalogue/behind-closed-doors_962/index.html -> HTTP 200
2026-10-06 15:36:44,232 | DEBUG   | scrapers.base_scraper | GET https://books.toscrape.com/catalogue/you-cant-bury-them-all-poems_961/index.html -> HTTP 200
2026-10-06 15:36:45,471 | DEBUG   | scrapers.base_scraper | GET https://books.toscrape.com/catalogue/slow-states-of-collapse-poems_960/index.html -> HTTP 200
2026-10-06 15:36:46,411 | DEBUG   | scrapers.base_scraper | GET https://books.toscrape.com/catalogue/reasons-to-stay-alive_959/index.html -> HTTP 200
2026-10-06 15:36:47,337 | DEBUG   | scrapers.base_scraper | GET https://books.toscrape.com/catalogue/private-paris-private-10_958/index.html -> HTTP 200
2026-10-06 15:36:49,326 | DEBUG   | scrapers.base_scraper | GET https://books.toscrape.com/catalogue/higherselfie-wake-up-your-life-free-your-soul-find-your-tribe_957/index.html -> HTTP 200
2026-10-06 15:36:50,271 | DEBUG   | scrapers.base_scraper | GET https://books.toscrape.com/catalogue/without-borders-wanderlove-1_956/index.html -> HTTP 200
2026-10-06 15:36:51,209 | DEBUG   | scrapers.base_scraper | GET https://books.toscrape.com/catalogue/when-we-collided_955/index.html -> HTTP 200
2026-10-06 15:36:52,546 | DEBUG   | scrapers.base_scraper | GET https://books.toscrape.com/catalogue/we-love-you-charlie-freeman_954/index.html -> HTTP 200
2026-10-06 15:36:53,472 | DEBUG   | scrapers.base_scraper | GET https://books.toscrape.com/catalogue/untitled-collection-sabbath-poems-2014_953/index.html -> HTTP 200
2026-10-06 15:36:54,791 | DEBUG   | scrapers.base_scraper | GET https://books.toscrape.com/catalogue/unseen-city-the-majesty-of-pigeons-the-discreet-charm-of-snails-other-wonders-of-the-urban-wilderness_952/index.html -> HTTP 200
2026-10-06 15:36:56,024 | DEBUG   | scrapers.base_scraper | GET https://books.toscrape.com/catalogue/unicorn-tracks_951/index.html -> HTTP 200
2026-10-06 15:36:57,263 | DEBUG   | scrapers.base_scraper | GET https://books.toscrape.com/catalogue/unbound-how-eight-technologies-made-us-human-transformed-society-and-brought-our-world-to-the-brink_950/index.html -> HTTP 200
2026-10-06 15:36:58,525 | DEBUG   | scrapers.base_scraper | GET https://books.toscrape.com/catalogue/tsubasa-world-chronicle-2-tsubasa-world-chronicle-2_949/index.html -> HTTP 200
2026-10-06 15:36:59,793 | DEBUG   | scrapers.base_scraper | GET https://books.toscrape.com/catalogue/throwing-rocks-at-the-google-bus-how-growth-became-the-enemy-of-prosperity_948/index.html -> HTTP 200
2026-10-06 15:37:01,115 | DEBUG   | scrapers.base_scraper | GET https://books.toscrape.com/catalogue/this-one-summer_947/index.html -> HTTP 200
2026-10-06 15:37:02,351 | DEBUG   | scrapers.base_scraper | GET https://books.toscrape.com/catalogue/thirst_946/index.html -> HTTP 200
2026-10-06 15:37:03,637 | DEBUG   | scrapers.base_scraper | GET https://books.toscrape.com/catalogue/the-torch-is-passed-a-harding-family-story_945/index.html -> HTTP 200
2026-10-06 15:37:04,989 | DEBUG   | scrapers.base_scraper | GET https://books.toscrape.com/catalogue/the-secret-of-dreadwillow-carse_944/index.html -> HTTP 200
2026-10-06 15:37:06,271 | DEBUG   | scrapers.base_scraper | GET https://books.toscrape.com/catalogue/the-pioneer-woman-cooks-dinnertime-comfort-classics-freezer-food-16-minute-meals-and-other-delicious-ways-to-solve-supper_943/index.html -> HTTP 200
2026-10-06 15:37:07,574 | DEBUG   | scrapers.base_scraper | GET https://books.toscrape.com/catalogue/the-past-never-ends_942/index.html -> HTTP 200
2026-10-06 15:37:08,856 | DEBUG   | scrapers.base_scraper | GET https://books.toscrape.com/catalogue/the-natural-history-of-us-the-fine-art-of-pretending-2_941/index.html -> HTTP 200
2026-10-06 15:37:10,109 | DEBUG   | scrapers.base_scraper | GET https://books.toscrape.com/catalogue/the-nameless-city-the-nameless-city-1_940/index.html -> HTTP 200
2026-10-06 15:37:11,701 | DEBUG   | scrapers.base_scraper | GET https://books.toscrape.com/catalogue/the-murder-that-never-was-forensic-instincts-5_939/index.html -> HTTP 200
2026-10-06 15:37:13,315 | DEBUG   | scrapers.base_scraper | GET https://books.toscrape.com/catalogue/the-most-perfect-thing-inside-and-outside-a-birds-egg_938/index.html -> HTTP 200
2026-10-06 15:37:14,558 | DEBUG   | scrapers.base_scraper | GET https://books.toscrape.com/catalogue/the-mindfulness-and-acceptance-workbook-for-anxiety-a-guide-to-breaking-free-from-anxiety-phobias-and-worry-using-acceptance-and-commitment-therapy_937/index.html -> HTTP 200
2026-10-06 15:37:15,825 | DEBUG   | scrapers.base_scraper | GET https://books.toscrape.com/catalogue/the-life-changing-magic-of-tidying-up-the-japanese-art-of-decluttering-and-organizing_936/index.html -> HTTP 200
2026-10-06 15:37:17,138 | DEBUG   | scrapers.base_scraper | GET https://books.toscrape.com/catalogue/the-inefficiency-assassin-time-management-tactics-for-working-smarter-not-longer_935/index.html -> HTTP 200
2026-10-06 15:37:18,370 | DEBUG   | scrapers.base_scraper | GET https://books.toscrape.com/catalogue/the-gutsy-girl-escapades-for-your-life-of-epic-adventure_934/index.html -> HTTP 200
2026-10-06 15:37:19,660 | DEBUG   | scrapers.base_scraper | GET https://books.toscrape.com/catalogue/the-electric-pencil-drawings-from-inside-state-hospital-no-3_933/index.html -> HTTP 200
2026-10-06 15:37:20,544 | DEBUG   | scrapers.base_scraper | GET https://books.toscrape.com/catalogue/the-death-of-humanity-and-the-case-for-life_932/index.html -> HTTP 200
2026-10-06 15:37:21,895 | DEBUG   | scrapers.base_scraper | GET https://books.toscrape.com/catalogue/the-bulletproof-diet-lose-up-to-a-pound-a-day-reclaim-energy-and-focus-upgrade-your-life_931/index.html -> HTTP 200
2026-10-06 15:37:23,230 | DEBUG   | scrapers.base_scraper | GET https://books.toscrape.com/catalogue/the-art-forger_930/index.html -> HTTP 200
2026-10-06 15:37:24,501 | DEBUG   | scrapers.base_scraper | GET https://books.toscrape.com/catalogue/the-age-of-genius-the-seventeenth-century-and-the-birth-of-the-modern-mind_929/index.html -> HTTP 200
2026-10-06 15:37:25,825 | DEBUG   | scrapers.base_scraper | GET https://books.toscrape.com/catalogue/the-activists-tao-te-ching-ancient-advice-for-a-modern-revolution_928/index.html -> HTTP 200
2026-10-06 15:37:27,086 | DEBUG   | scrapers.base_scraper | GET https://books.toscrape.com/catalogue/spark-joy-an-illustrated-master-class-on-the-art-of-organizing-and-tidying-up_927/index.html -> HTTP 200
2026-10-06 15:37:27,960 | DEBUG   | scrapers.base_scraper | GET https://books.toscrape.com/catalogue/soul-reader_926/index.html -> HTTP 200
2026-10-06 15:37:29,197 | DEBUG   | scrapers.base_scraper | GET https://books.toscrape.com/catalogue/security_925/index.html -> HTTP 200
2026-10-06 15:37:30,274 | DEBUG   | scrapers.base_scraper | GET https://books.toscrape.com/catalogue/saga-volume-6-saga-collected-editions-6_924/index.html -> HTTP 200
2026-10-06 15:37:31,216 | DEBUG   | scrapers.base_scraper | GET https://books.toscrape.com/catalogue/saga-volume-5-saga-collected-editions-5_923/index.html -> HTTP 200
2026-10-06 15:37:32,517 | DEBUG   | scrapers.base_scraper | GET https://books.toscrape.com/catalogue/reskilling-america-learning-to-labor-in-the-twenty-first-century_922/index.html -> HTTP 200
2026-10-06 15:37:33,412 | DEBUG   | scrapers.base_scraper | GET https://books.toscrape.com/catalogue/rat-queens-vol-3-demons-rat-queens-collected-editions-11-15_921/index.html -> HTTP 200
2026-10-06 15:37:34,687 | DEBUG   | scrapers.base_scraper | GET https://books.toscrape.com/catalogue/princess-jellyfish-2-in-1-omnibus-vol-01-princess-jellyfish-2-in-1-omnibus-1_920/index.html -> HTTP 200
2026-10-06 15:37:35,628 | DEBUG   | scrapers.base_scraper | GET https://books.toscrape.com/catalogue/princess-between-worlds-wide-awake-princess-5_919/index.html -> HTTP 200
2026-10-06 15:37:36,782 | DEBUG   | scrapers.base_scraper | GET https://books.toscrape.com/catalogue/pop-gun-war-volume-1-gift_918/index.html -> HTTP 200
2026-10-06 15:37:37,972 | DEBUG   | scrapers.base_scraper | GET https://books.toscrape.com/catalogue/political-suicide-missteps-peccadilloes-bad-calls-backroom-hijinx-sordid-pasts-rotten-breaks-and-just-plain-dumb-mistakes-in-the-annals-of-american-politics_917/index.html -> HTTP 200
2026-10-06 15:37:39,211 | DEBUG   | scrapers.base_scraper | GET https://books.toscrape.com/catalogue/patience_916/index.html -> HTTP 200
2026-10-06 15:37:40,192 | DEBUG   | scrapers.base_scraper | GET https://books.toscrape.com/catalogue/outcast-vol-1-a-darkness-surrounds-him-outcast-1_915/index.html -> HTTP 200
2026-10-06 15:37:41,402 | DEBUG   | scrapers.base_scraper | GET https://books.toscrape.com/catalogue/orange-the-complete-collection-1-orange-the-complete-collection-1_914/index.html -> HTTP 200
2026-10-06 15:37:42,626 | DEBUG   | scrapers.base_scraper | GET https://books.toscrape.com/catalogue/online-marketing-for-busy-authors-a-step-by-step-guide_913/index.html -> HTTP 200
2026-10-06 15:37:44,051 | DEBUG   | scrapers.base_scraper | GET https://books.toscrape.com/catalogue/on-a-midnight-clear_912/index.html -> HTTP 200
2026-10-06 15:37:45,637 | DEBUG   | scrapers.base_scraper | GET https://books.toscrape.com/catalogue/obsidian-lux-1_911/index.html -> HTTP 200
2026-10-06 15:37:46,518 | DEBUG   | scrapers.base_scraper | GET https://books.toscrape.com/catalogue/my-paris-kitchen-recipes-and-stories_910/index.html -> HTTP 200
2026-10-06 15:37:47,818 | DEBUG   | scrapers.base_scraper | GET https://books.toscrape.com/catalogue/masks-and-shadows_909/index.html -> HTTP 200
2026-10-06 15:37:49,073 | DEBUG   | scrapers.base_scraper | GET https://books.toscrape.com/catalogue/mama-tried-traditional-italian-cooking-for-the-screwed-crude-vegan-and-tattooed_908/index.html -> HTTP 200
2026-10-06 15:37:50,326 | DEBUG   | scrapers.base_scraper | GET https://books.toscrape.com/catalogue/lumberjanes-vol-2-friendship-to-the-max-lumberjanes-5-8_907/index.html -> HTTP 200
2026-10-06 15:37:51,619 | DEBUG   | scrapers.base_scraper | GET https://books.toscrape.com/catalogue/lumberjanes-vol-1-beware-the-kitten-holy-lumberjanes-1-4_906/index.html -> HTTP 200
2026-10-06 15:37:52,578 | DEBUG   | scrapers.base_scraper | GET https://books.toscrape.com/catalogue/lumberjanes-vol-3-a-terrible-plan-lumberjanes-9-12_905/index.html -> HTTP 200
2026-10-06 15:37:53,983 | DEBUG   | scrapers.base_scraper | GET https://books.toscrape.com/catalogue/layered-baking-building-and-styling-spectacular-cakes_904/index.html -> HTTP 200
2026-10-06 15:37:55,255 | DEBUG   | scrapers.base_scraper | GET https://books.toscrape.com/catalogue/judo-seven-steps-to-black-belt-an-introductory-guide-for-beginners_903/index.html -> HTTP 200
2026-10-06 15:37:56,484 | DEBUG   | scrapers.base_scraper | GET https://books.toscrape.com/catalogue/join_902/index.html -> HTTP 200
2026-10-06 15:37:57,810 | DEBUG   | scrapers.base_scraper | GET https://books.toscrape.com/catalogue/in-the-country-we-love-my-family-divided_901/index.html -> HTTP 200
2026-10-06 15:37:58,329 | INFO    | scrapers.books_scraper | [Books to Scrape] Detail pages: 100/1000
2026-10-06 15:37:59,073 | DEBUG   | scrapers.base_scraper | GET https://books.toscrape.com/catalogue/immunity-how-elie-metchnikoff-changed-the-course-of-modern-medicine_900/index.html -> HTTP 200
2026-10-06 15:38:00,324 | DEBUG   | scrapers.base_scraper | GET https://books.toscrape.com/catalogue/i-hate-fairyland-vol-1-madly-ever-after-i-hate-fairyland-compilations-1-5_899/index.html -> HTTP 200
2026-10-06 15:38:01,614 | DEBUG   | scrapers.base_scraper | GET https://books.toscrape.com/catalogue/i-am-a-hero-omnibus-volume-1_898/index.html -> HTTP 200
2026-10-06 15:38:02,879 | DEBUG   | scrapers.base_scraper | GET https://books.toscrape.com/catalogue/how-to-be-miserable-40-strategies-you-already-use_897/index.html -> HTTP 200
2026-10-06 15:38:04,086 | DEBUG   | scrapers.base_scraper | GET https://books.toscrape.com/catalogue/her-backup-boyfriend-the-sorensen-family-1_896/index.html -> HTTP 200
2026-10-06 15:38:05,296 | DEBUG   | scrapers.base_scraper | GET https://books.toscrape.com/catalogue/giant-days-vol-2-giant-days-5-8_895/index.html -> HTTP 200
2026-10-06 15:38:06,535 | DEBUG   | scrapers.base_scraper | GET https://books.toscrape.com/catalogue/forever-and-forever-the-courtship-of-henry-longfellow-and-fanny-appleton_894/index.html -> HTTP 200
2026-10-06 15:38:07,740 | DEBUG   | scrapers.base_scraper | GET https://books.toscrape.com/catalogue/first-and-first-five-boroughs-3_893/index.html -> HTTP 200
2026-10-06 15:38:09,000 | DEBUG   | scrapers.base_scraper | GET https://books.toscrape.com/catalogue/fifty-shades-darker-fifty-shades-2_892/index.html -> HTTP 200
2026-10-06 15:38:10,221 | DEBUG   | scrapers.base_scraper | GET https://books.toscrape.com/catalogue/everydata-the-misinformation-hidden-in-the-little-data-you-consume-every-day_891/index.html -> HTTP 200
2026-10-06 15:38:11,432 | DEBUG   | scrapers.base_scraper | GET https://books.toscrape.com/catalogue/dont-be-a-jerk-and-other-practical-advice-from-dogen-japans-greatest-zen-master_890/index.html -> HTTP 200
2026-10-06 15:38:12,615 | DEBUG   | scrapers.base_scraper | GET https://books.toscrape.com/catalogue/danganronpa-volume-1_889/index.html -> HTTP 200
2026-10-06 15:38:14,074 | DEBUG   | scrapers.base_scraper | GET https://books.toscrape.com/catalogue/crown-of-midnight-throne-of-glass-2_888/index.html -> HTTP 200
2026-10-06 15:38:15,007 | DEBUG   | scrapers.base_scraper | GET https://books.toscrape.com/catalogue/codename-baboushka-volume-1-the-conclave-of-death_887/index.html -> HTTP 200
2026-10-06 15:38:16,280 | DEBUG   | scrapers.base_scraper | GET https://books.toscrape.com/catalogue/camp-midnight_886/index.html -> HTTP 200
2026-10-06 15:38:17,553 | DEBUG   | scrapers.base_scraper | GET https://books.toscrape.com/catalogue/call-the-nurse-true-stories-of-a-country-nurse-on-a-scottish-isle_885/index.html -> HTTP 200
2026-10-06 15:38:18,412 | DEBUG   | scrapers.base_scraper | GET https://books.toscrape.com/catalogue/burning_884/index.html -> HTTP 200
2026-10-06 15:38:19,664 | DEBUG   | scrapers.base_scraper | GET https://books.toscrape.com/catalogue/bossypants_883/index.html -> HTTP 200
2026-10-06 15:38:20,976 | DEBUG   | scrapers.base_scraper | GET https://books.toscrape.com/catalogue/bitch-planet-vol-1-extraordinary-machine-bitch-planet-collected-editions_882/index.html -> HTTP 200
2026-10-06 15:38:22,315 | DEBUG   | scrapers.base_scraper | GET https://books.toscrape.com/catalogue/avatar-the-last-airbender-smoke-and-shadow-part-3-smoke-and-shadow-3_881/index.html -> HTTP 200
2026-10-06 15:38:23,591 | DEBUG   | scrapers.base_scraper | GET https://books.toscrape.com/catalogue/algorithms-to-live-by-the-computer-science-of-human-decisions_880/index.html -> HTTP 200
2026-10-06 15:38:24,764 | DEBUG   | scrapers.base_scraper | GET https://books.toscrape.com/catalogue/a-world-of-flavor-your-gluten-free-passport_879/index.html -> HTTP 200
2026-10-06 15:38:26,038 | DEBUG   | scrapers.base_scraper | GET https://books.toscrape.com/catalogue/a-piece-of-sky-a-grain-of-rice-a-memoir-in-four-meditations_878/index.html -> HTTP 200
2026-10-06 15:38:27,359 | DEBUG   | scrapers.base_scraper | GET https://books.toscrape.com/catalogue/a-murder-in-time_877/index.html -> HTTP 200
2026-10-06 15:38:28,596 | DEBUG   | scrapers.base_scraper | GET https://books.toscrape.com/catalogue/a-flight-of-arrows-the-pathfinders-2_876/index.html -> HTTP 200
2026-10-06 15:38:29,785 | DEBUG   | scrapers.base_scraper | GET https://books.toscrape.com/catalogue/a-fierce-and-subtle-poison_875/index.html -> HTTP 200
2026-10-06 15:38:31,089 | DEBUG   | scrapers.base_scraper | GET https://books.toscrape.com/catalogue/a-court-of-thorns-and-roses-a-court-of-thorns-and-roses-1_874/index.html -> HTTP 200
2026-10-06 15:38:32,373 | DEBUG   | scrapers.base_scraper | GET https://books.toscrape.com/catalogue/unqualified-how-god-uses-broken-people-to-do-big-things_873/index.html -> HTTP 200
2026-10-06 15:38:33,661 | DEBUG   | scrapers.base_scraper | GET https://books.toscrape.com/catalogue/you-are-what-you-love-the-spiritual-power-of-habit_872/index.html -> HTTP 200
2026-10-06 15:38:34,888 | DEBUG   | scrapers.base_scraper | GET https://books.toscrape.com/catalogue/william-shakespeares-star-wars-verily-a-new-hope-william-shakespeares-star-wars-4_871/index.html -> HTTP 200
2026-10-06 15:38:36,176 | DEBUG   | scrapers.base_scraper | GET https://books.toscrape.com/catalogue/tuesday-nights-in-1980_870/index.html -> HTTP 200
2026-10-06 15:38:37,451 | DEBUG   | scrapers.base_scraper | GET https://books.toscrape.com/catalogue/tracing-numbers-on-a-train_869/index.html -> HTTP 200
2026-10-06 15:38:38,775 | DEBUG   | scrapers.base_scraper | GET https://books.toscrape.com/catalogue/throne-of-glass-throne-of-glass-1_868/index.html -> HTTP 200
2026-10-06 15:38:40,119 | DEBUG   | scrapers.base_scraper | GET https://books.toscrape.com/catalogue/thomas-jefferson-and-the-tripoli-pirates-the-forgotten-war-that-changed-american-history_867/index.html -> HTTP 200
2026-10-06 15:38:41,351 | DEBUG   | scrapers.base_scraper | GET https://books.toscrape.com/catalogue/thirteen-reasons-why_866/index.html -> HTTP 200
2026-10-06 15:38:42,281 | DEBUG   | scrapers.base_scraper | GET https://books.toscrape.com/catalogue/the-white-cat-and-the-monk-a-retelling-of-the-poem-pangur-ban_865/index.html -> HTTP 200
2026-10-06 15:38:43,554 | DEBUG   | scrapers.base_scraper | GET https://books.toscrape.com/catalogue/the-wedding-dress_864/index.html -> HTTP 200
2026-10-06 15:38:44,812 | DEBUG   | scrapers.base_scraper | GET https://books.toscrape.com/catalogue/the-vacationers_863/index.html -> HTTP 200
2026-10-06 15:38:46,112 | DEBUG   | scrapers.base_scraper | GET https://books.toscrape.com/catalogue/the-third-wave-an-entrepreneurs-vision-of-the-future_862/index.html -> HTTP 200
2026-10-06 15:38:47,074 | DEBUG   | scrapers.base_scraper | GET https://books.toscrape.com/catalogue/the-stranger_861/index.html -> HTTP 200
2026-10-06 15:38:48,691 | DEBUG   | scrapers.base_scraper | GET https://books.toscrape.com/catalogue/the-shadow-hero-the-shadow-hero_860/index.html -> HTTP 200
2026-10-06 15:38:49,672 | DEBUG   | scrapers.base_scraper | GET https://books.toscrape.com/catalogue/the-secret-the-secret-1_859/index.html -> HTTP 200
2026-10-06 15:38:50,897 | DEBUG   | scrapers.base_scraper | GET https://books.toscrape.com/catalogue/the-regional-office-is-under-attack_858/index.html -> HTTP 200
2026-10-06 15:38:52,068 | DEBUG   | scrapers.base_scraper | GET https://books.toscrape.com/catalogue/the-psychopath-test-a-journey-through-the-madness-industry_857/index.html -> HTTP 200
2026-10-06 15:38:53,230 | DEBUG   | scrapers.base_scraper | GET https://books.toscrape.com/catalogue/the-project_856/index.html -> HTTP 200
2026-10-06 15:38:54,379 | DEBUG   | scrapers.base_scraper | GET https://books.toscrape.com/catalogue/the-power-of-now-a-guide-to-spiritual-enlightenment_855/index.html -> HTTP 200
2026-10-06 15:38:55,565 | DEBUG   | scrapers.base_scraper | GET https://books.toscrape.com/catalogue/the-omnivores-dilemma-a-natural-history-of-four-meals_854/index.html -> HTTP 200
2026-10-06 15:38:56,765 | DEBUG   | scrapers.base_scraper | GET https://books.toscrape.com/catalogue/the-nerdy-nummies-cookbook-sweet-treats-for-the-geek-in-all-of-us_853/index.html -> HTTP 200
2026-10-06 15:38:57,940 | DEBUG   | scrapers.base_scraper | GET https://books.toscrape.com/catalogue/the-murder-of-roger-ackroyd-hercule-poirot-4_852/index.html -> HTTP 200
2026-10-06 15:38:59,191 | DEBUG   | scrapers.base_scraper | GET https://books.toscrape.com/catalogue/the-mistake-off-campus-2_851/index.html -> HTTP 200
2026-10-06 15:39:00,494 | DEBUG   | scrapers.base_scraper | GET https://books.toscrape.com/catalogue/the-matchmakers-playbook-wingmen-inc-1_850/index.html -> HTTP 200
2026-10-06 15:39:01,639 | DEBUG   | scrapers.base_scraper | GET https://books.toscrape.com/catalogue/the-love-and-lemons-cookbook-an-apple-to-zucchini-celebration-of-impromptu-cooking_849/index.html -> HTTP 200
2026-10-06 15:39:02,862 | DEBUG   | scrapers.base_scraper | GET https://books.toscrape.com/catalogue/the-long-shadow-of-small-ghosts-murder-and-memory-in-an-american-city_848/index.html -> HTTP 200
2026-10-06 15:39:04,064 | DEBUG   | scrapers.base_scraper | GET https://books.toscrape.com/catalogue/the-kite-runner_847/index.html -> HTTP 200
2026-10-06 15:39:05,249 | DEBUG   | scrapers.base_scraper | GET https://books.toscrape.com/catalogue/the-house-by-the-lake_846/index.html -> HTTP 200
2026-10-06 15:39:06,449 | DEBUG   | scrapers.base_scraper | GET https://books.toscrape.com/catalogue/the-glittering-court-the-glittering-court-1_845/index.html -> HTTP 200
2026-10-06 15:39:07,653 | DEBUG   | scrapers.base_scraper | GET https://books.toscrape.com/catalogue/the-girl-on-the-train_844/index.html -> HTTP 200
2026-10-06 15:39:08,898 | DEBUG   | scrapers.base_scraper | GET https://books.toscrape.com/catalogue/the-genius-of-birds_843/index.html -> HTTP 200
2026-10-06 15:39:10,112 | DEBUG   | scrapers.base_scraper | GET https://books.toscrape.com/catalogue/the-emerald-mystery_842/index.html -> HTTP 200
2026-10-06 15:39:11,331 | DEBUG   | scrapers.base_scraper | GET https://books.toscrape.com/catalogue/the-cookies-cups-cookbook-125-sweet-savory-recipes-reminding-you-to-always-eat-dessert-first_841/index.html -> HTTP 200
2026-10-06 15:39:12,231 | DEBUG   | scrapers.base_scraper | GET https://books.toscrape.com/catalogue/the-bridge-to-consciousness-im-writing-the-bridge-between-science-and-our-old-and-new-beliefs_840/index.html -> HTTP 200
2026-10-06 15:39:13,433 | DEBUG   | scrapers.base_scraper | GET https://books.toscrape.com/catalogue/the-artists-way-a-spiritual-path-to-higher-creativity_839/index.html -> HTTP 200
2026-10-06 15:39:14,636 | DEBUG   | scrapers.base_scraper | GET https://books.toscrape.com/catalogue/the-art-of-war_838/index.html -> HTTP 200
2026-10-06 15:39:15,903 | DEBUG   | scrapers.base_scraper | GET https://books.toscrape.com/catalogue/the-argonauts_837/index.html -> HTTP 200
2026-10-06 15:39:17,060 | DEBUG   | scrapers.base_scraper | GET https://books.toscrape.com/catalogue/the-10-entrepreneur-live-your-startup-dream-without-quitting-your-day-job_836/index.html -> HTTP 200
2026-10-06 15:39:18,268 | DEBUG   | scrapers.base_scraper | GET https://books.toscrape.com/catalogue/suddenly-in-love-lake-haven-1_835/index.html -> HTTP 200
2026-10-06 15:39:19,133 | DEBUG   | scrapers.base_scraper | GET https://books.toscrape.com/catalogue/something-more-than-this_834/index.html -> HTTP 200
2026-10-06 15:39:20,432 | DEBUG   | scrapers.base_scraper | GET https://books.toscrape.com/catalogue/soft-apocalypse_833/index.html -> HTTP 200
2026-10-06 15:39:21,589 | DEBUG   | scrapers.base_scraper | GET https://books.toscrape.com/catalogue/so-youve-been-publicly-shamed_832/index.html -> HTTP 200
2026-10-06 15:39:22,775 | DEBUG   | scrapers.base_scraper | GET https://books.toscrape.com/catalogue/shoe-dog-a-memoir-by-the-creator-of-nike_831/index.html -> HTTP 200
2026-10-06 15:39:23,962 | DEBUG   | scrapers.base_scraper | GET https://books.toscrape.com/catalogue/shobu-samurai-project-aryoku-3_830/index.html -> HTTP 200
2026-10-06 15:39:25,139 | DEBUG   | scrapers.base_scraper | GET https://books.toscrape.com/catalogue/secrets-and-lace-fatal-hearts-1_829/index.html -> HTTP 200
2026-10-06 15:39:26,328 | DEBUG   | scrapers.base_scraper | GET https://books.toscrape.com/catalogue/scarlett-epstein-hates-it-here_828/index.html -> HTTP 200
2026-10-06 15:39:27,507 | DEBUG   | scrapers.base_scraper | GET https://books.toscrape.com/catalogue/romero-and-juliet-a-tragic-tale-of-love-and-zombies_827/index.html -> HTTP 200
2026-10-06 15:39:28,924 | DEBUG   | scrapers.base_scraper | GET https://books.toscrape.com/catalogue/redeeming-love_826/index.html -> HTTP 200
2026-10-06 15:39:29,908 | DEBUG   | scrapers.base_scraper | GET https://books.toscrape.com/catalogue/poses-for-artists-volume-1-dynamic-and-sitting-poses-an-essential-reference-for-figure-drawing-and-the-human-form_825/index.html -> HTTP 200
2026-10-06 15:39:31,156 | DEBUG   | scrapers.base_scraper | GET https://books.toscrape.com/catalogue/poems-that-make-grown-women-cry_824/index.html -> HTTP 200
2026-10-06 15:39:32,353 | DEBUG   | scrapers.base_scraper | GET https://books.toscrape.com/catalogue/nightingale-sing_823/index.html -> HTTP 200
2026-10-06 15:39:33,563 | DEBUG   | scrapers.base_scraper | GET https://books.toscrape.com/catalogue/night-sky-with-exit-wounds_822/index.html -> HTTP 200
2026-10-06 15:39:34,856 | DEBUG   | scrapers.base_scraper | GET https://books.toscrape.com/catalogue/mrs-houdini_821/index.html -> HTTP 200
2026-10-06 15:39:36,101 | DEBUG   | scrapers.base_scraper | GET https://books.toscrape.com/catalogue/modern-romance_820/index.html -> HTTP 200
2026-10-06 15:39:37,305 | DEBUG   | scrapers.base_scraper | GET https://books.toscrape.com/catalogue/miss-peregrines-home-for-peculiar-children-miss-peregrines-peculiar-children-1_819/index.html -> HTTP 200
2026-10-06 15:39:38,551 | DEBUG   | scrapers.base_scraper | GET https://books.toscrape.com/catalogue/louisa-the-extraordinary-life-of-mrs-adams_818/index.html -> HTTP 200
2026-10-06 15:39:39,475 | DEBUG   | scrapers.base_scraper | GET https://books.toscrape.com/catalogue/little-red_817/index.html -> HTTP 200
2026-10-06 15:39:40,660 | DEBUG   | scrapers.base_scraper | GET https://books.toscrape.com/catalogue/library-of-souls-miss-peregrines-peculiar-children-3_816/index.html -> HTTP 200
2026-10-06 15:39:41,875 | DEBUG   | scrapers.base_scraper | GET https://books.toscrape.com/catalogue/large-print-heart-of-the-pride_815/index.html -> HTTP 200
2026-10-06 15:39:43,087 | DEBUG   | scrapers.base_scraper | GET https://books.toscrape.com/catalogue/i-had-a-nice-time-and-other-lies-how-to-find-love-sht-like-that_814/index.html -> HTTP 200
2026-10-06 15:39:44,340 | DEBUG   | scrapers.base_scraper | GET https://books.toscrape.com/catalogue/hollow-city-miss-peregrines-peculiar-children-2_813/index.html -> HTTP 200
2026-10-06 15:39:46,368 | DEBUG   | scrapers.base_scraper | GET https://books.toscrape.com/catalogue/grumbles_812/index.html -> HTTP 200
2026-10-06 15:39:47,574 | DEBUG   | scrapers.base_scraper | GET https://books.toscrape.com/catalogue/full-moon-over-noahs-ark-an-odyssey-to-mount-ararat-and-beyond_811/index.html -> HTTP 200
2026-10-06 15:39:48,775 | DEBUG   | scrapers.base_scraper | GET https://books.toscrape.com/catalogue/frostbite-vampire-academy-2_810/index.html -> HTTP 200
2026-10-06 15:39:50,579 | DEBUG   | scrapers.base_scraper | GET https://books.toscrape.com/catalogue/follow-you-home_809/index.html -> HTTP 200
2026-10-06 15:39:51,946 | DEBUG   | scrapers.base_scraper | GET https://books.toscrape.com/catalogue/first-steps-for-new-christians-print-edition_808/index.html -> HTTP 200
2026-10-06 15:39:53,353 | DEBUG   | scrapers.base_scraper | GET https://books.toscrape.com/catalogue/finders-keepers-bill-hodges-trilogy-2_807/index.html -> HTTP 200
2026-10-06 15:39:54,569 | DEBUG   | scrapers.base_scraper | GET https://books.toscrape.com/catalogue/fables-vol-1-legends-in-exile-fables-1_806/index.html -> HTTP 200
2026-10-06 15:39:55,891 | DEBUG   | scrapers.base_scraper | GET https://books.toscrape.com/catalogue/eureka-trivia-60_805/index.html -> HTTP 200
2026-10-06 15:39:57,180 | DEBUG   | scrapers.base_scraper | GET https://books.toscrape.com/catalogue/drive-the-surprising-truth-about-what-motivates-us_804/index.html -> HTTP 200
2026-10-06 15:39:58,367 | DEBUG   | scrapers.base_scraper | GET https://books.toscrape.com/catalogue/done-rubbed-out-reightman-bailey-1_803/index.html -> HTTP 200
2026-10-06 15:39:59,272 | DEBUG   | scrapers.base_scraper | GET https://books.toscrape.com/catalogue/doing-it-over-most-likely-to-1_802/index.html -> HTTP 200
2026-10-06 15:40:00,532 | DEBUG   | scrapers.base_scraper | GET https://books.toscrape.com/catalogue/deliciously-ella-every-day-quick-and-easy-recipes-for-gluten-free-snacks-packed-lunches-and-simple-meals_801/index.html -> HTTP 200
2026-10-06 15:40:01,059 | INFO    | scrapers.books_scraper | [Books to Scrape] Detail pages: 200/1000
2026-10-06 15:40:01,754 | DEBUG   | scrapers.base_scraper | GET https://books.toscrape.com/catalogue/dark-notes_800/index.html -> HTTP 200
2026-10-06 15:40:03,035 | DEBUG   | scrapers.base_scraper | GET https://books.toscrape.com/catalogue/daring-greatly-how-the-courage-to-be-vulnerable-transforms-the-way-we-live-love-parent-and-lead_799/index.html -> HTTP 200
2026-10-06 15:40:04,326 | DEBUG   | scrapers.base_scraper | GET https://books.toscrape.com/catalogue/close-to-you_798/index.html -> HTTP 200
2026-10-06 15:40:05,632 | DEBUG   | scrapers.base_scraper | GET https://books.toscrape.com/catalogue/chasing-heaven-what-dying-taught-me-about-living_797/index.html -> HTTP 200
2026-10-06 15:40:06,900 | DEBUG   | scrapers.base_scraper | GET https://books.toscrape.com/catalogue/big-magic-creative-living-beyond-fear_796/index.html -> HTTP 200
2026-10-06 15:40:08,179 | DEBUG   | scrapers.base_scraper | GET https://books.toscrape.com/catalogue/becoming-wise-an-inquiry-into-the-mystery-and-art-of-living_795/index.html -> HTTP 200
2026-10-06 15:40:09,117 | DEBUG   | scrapers.base_scraper | GET https://books.toscrape.com/catalogue/beauty-restored-riley-family-legacy-novellas-3_794/index.html -> HTTP 200
2026-10-06 15:40:10,298 | DEBUG   | scrapers.base_scraper | GET https://books.toscrape.com/catalogue/batman-the-long-halloween-batman_793/index.html -> HTTP 200
2026-10-06 15:40:11,578 | DEBUG   | scrapers.base_scraper | GET https://books.toscrape.com/catalogue/batman-the-dark-knight-returns-batman_792/index.html -> HTTP 200
2026-10-06 15:40:12,477 | DEBUG   | scrapers.base_scraper | GET https://books.toscrape.com/catalogue/ayumis-violin_791/index.html -> HTTP 200
2026-10-06 15:40:13,717 | DEBUG   | scrapers.base_scraper | GET https://books.toscrape.com/catalogue/anonymous_790/index.html -> HTTP 200
2026-10-06 15:40:15,055 | DEBUG   | scrapers.base_scraper | GET https://books.toscrape.com/catalogue/amy-meets-the-saints-and-sages_789/index.html -> HTTP 200
2026-10-06 15:40:16,227 | DEBUG   | scrapers.base_scraper | GET https://books.toscrape.com/catalogue/amid-the-chaos_788/index.html -> HTTP 200
2026-10-06 15:40:17,113 | DEBUG   | scrapers.base_scraper | GET https://books.toscrape.com/catalogue/amatus_787/index.html -> HTTP 200
2026-10-06 15:40:18,297 | DEBUG   | scrapers.base_scraper | GET https://books.toscrape.com/catalogue/agnostic-a-spirited-manifesto_786/index.html -> HTTP 200
2026-10-06 15:40:19,588 | DEBUG   | scrapers.base_scraper | GET https://books.toscrape.com/catalogue/zealot-the-life-and-times-of-jesus-of-nazareth_785/index.html -> HTTP 200
2026-10-06 15:40:20,461 | DEBUG   | scrapers.base_scraper | GET https://books.toscrape.com/catalogue/you-you-1_784/index.html -> HTTP 200
2026-10-06 15:40:21,795 | DEBUG   | scrapers.base_scraper | GET https://books.toscrape.com/catalogue/wonder-woman-earth-one-volume-one-wonder-woman-earth-one-1_783/index.html -> HTTP 200
2026-10-06 15:40:23,017 | DEBUG   | scrapers.base_scraper | GET https://books.toscrape.com/catalogue/wild-swans_782/index.html -> HTTP 200
2026-10-06 15:40:24,352 | DEBUG   | scrapers.base_scraper | GET https://books.toscrape.com/catalogue/why-the-right-went-wrong-conservatism-from-goldwater-to-the-tea-party-and-beyond_781/index.html -> HTTP 200
2026-10-06 15:40:25,793 | DEBUG   | scrapers.base_scraper | GET https://books.toscrape.com/catalogue/whole-lotta-creativity-going-on-60-fun-and-unusual-exercises-to-awaken-and-strengthen-your-creativity_780/index.html -> HTTP 200
2026-10-06 15:40:27,017 | DEBUG   | scrapers.base_scraper | GET https://books.toscrape.com/catalogue/whats-it-like-in-space-stories-from-astronauts-whove-been-there_779/index.html -> HTTP 200
2026-10-06 15:40:28,206 | DEBUG   | scrapers.base_scraper | GET https://books.toscrape.com/catalogue/we-are-robin-vol-1-the-vigilante-business-we-are-robin-1_778/index.html -> HTTP 200
2026-10-06 15:40:29,524 | DEBUG   | scrapers.base_scraper | GET https://books.toscrape.com/catalogue/walt-disneys-alice-in-wonderland_777/index.html -> HTTP 200
2026-10-06 15:40:30,922 | DEBUG   | scrapers.base_scraper | GET https://books.toscrape.com/catalogue/v-for-vendetta-v-for-vendetta-complete_776/index.html -> HTTP 200
2026-10-06 15:40:32,380 | DEBUG   | scrapers.base_scraper | GET https://books.toscrape.com/catalogue/until-friday-night-the-field-party-1_775/index.html -> HTTP 200
2026-10-06 15:40:33,292 | DEBUG   | scrapers.base_scraper | GET https://books.toscrape.com/catalogue/unbroken-a-world-war-ii-story-of-survival-resilience-and-redemption_774/index.html -> HTTP 200
2026-10-06 15:40:34,210 | DEBUG   | scrapers.base_scraper | GET https://books.toscrape.com/catalogue/twenty-yawns_773/index.html -> HTTP 200
2026-10-06 15:40:35,118 | DEBUG   | scrapers.base_scraper | GET https://books.toscrape.com/catalogue/through-the-woods_772/index.html -> HTTP 200
2026-10-06 15:40:36,329 | DEBUG   | scrapers.base_scraper | GET https://books.toscrape.com/catalogue/this-is-where-it-ends_771/index.html -> HTTP 200
2026-10-06 15:40:37,513 | DEBUG   | scrapers.base_scraper | GET https://books.toscrape.com/catalogue/the-year-of-magical-thinking_770/index.html -> HTTP 200
2026-10-06 15:40:38,731 | DEBUG   | scrapers.base_scraper | GET https://books.toscrape.com/catalogue/the-wright-brothers_769/index.html -> HTTP 200
2026-10-06 15:40:40,010 | DEBUG   | scrapers.base_scraper | GET https://books.toscrape.com/catalogue/the-white-queen-the-cousins-war-1_768/index.html -> HTTP 200
2026-10-06 15:40:41,281 | DEBUG   | scrapers.base_scraper | GET https://books.toscrape.com/catalogue/the-wedding-pact-the-omalleys-2_767/index.html -> HTTP 200
2026-10-06 15:40:42,145 | DEBUG   | scrapers.base_scraper | GET https://books.toscrape.com/catalogue/the-time-keeper_766/index.html -> HTTP 200
2026-10-06 15:40:43,368 | DEBUG   | scrapers.base_scraper | GET https://books.toscrape.com/catalogue/the-testament-of-mary_765/index.html -> HTTP 200
2026-10-06 15:40:44,578 | DEBUG   | scrapers.base_scraper | GET https://books.toscrape.com/catalogue/the-star-touched-queen_764/index.html -> HTTP 200
2026-10-06 15:40:45,777 | DEBUG   | scrapers.base_scraper | GET https://books.toscrape.com/catalogue/the-songs-of-the-gods_763/index.html -> HTTP 200
2026-10-06 15:40:47,041 | DEBUG   | scrapers.base_scraper | GET https://books.toscrape.com/catalogue/the-song-of-achilles_762/index.html -> HTTP 200
2026-10-06 15:40:48,267 | DEBUG   | scrapers.base_scraper | GET https://books.toscrape.com/catalogue/the-rosie-project-don-tillman-1_761/index.html -> HTTP 200
2026-10-06 15:40:49,950 | DEBUG   | scrapers.base_scraper | GET https://books.toscrape.com/catalogue/the-power-of-habit-why-we-do-what-we-do-in-life-and-business_760/index.html -> HTTP 200
2026-10-06 15:40:51,258 | DEBUG   | scrapers.base_scraper | GET https://books.toscrape.com/catalogue/the-marriage-of-opposites_759/index.html -> HTTP 200
2026-10-06 15:40:52,471 | DEBUG   | scrapers.base_scraper | GET https://books.toscrape.com/catalogue/the-lucifer-effect-understanding-how-good-people-turn-evil_758/index.html -> HTTP 200
2026-10-06 15:40:53,485 | DEBUG   | scrapers.base_scraper | GET https://books.toscrape.com/catalogue/the-long-haul-diary-of-a-wimpy-kid-9_757/index.html -> HTTP 200
2026-10-06 15:40:54,774 | DEBUG   | scrapers.base_scraper | GET https://books.toscrape.com/catalogue/the-loney_756/index.html -> HTTP 200
2026-10-06 15:40:56,023 | DEBUG   | scrapers.base_scraper | GET https://books.toscrape.com/catalogue/the-literature-book-big-ideas-simply-explained_755/index.html -> HTTP 200
2026-10-06 15:40:57,348 | DEBUG   | scrapers.base_scraper | GET https://books.toscrape.com/catalogue/the-last-mile-amos-decker-2_754/index.html -> HTTP 200
2026-10-06 15:40:58,599 | DEBUG   | scrapers.base_scraper | GET https://books.toscrape.com/catalogue/the-immortal-life-of-henrietta-lacks_753/index.html -> HTTP 200
2026-10-06 15:40:59,882 | DEBUG   | scrapers.base_scraper | GET https://books.toscrape.com/catalogue/the-hidden-oracle-the-trials-of-apollo-1_752/index.html -> HTTP 200
2026-10-06 15:41:01,171 | DEBUG   | scrapers.base_scraper | GET https://books.toscrape.com/catalogue/the-help-yourself-cookbook-for-kids-60-easy-plant-based-recipes-kids-can-make-to-stay-healthy-and-save-the-earth_751/index.html -> HTTP 200
2026-10-06 15:41:02,420 | DEBUG   | scrapers.base_scraper | GET https://books.toscrape.com/catalogue/the-guilty-will-robie-4_750/index.html -> HTTP 200
2026-10-06 15:41:03,315 | DEBUG   | scrapers.base_scraper | GET https://books.toscrape.com/catalogue/the-first-hostage-jb-collins-2_749/index.html -> HTTP 200
2026-10-06 15:41:04,587 | DEBUG   | scrapers.base_scraper | GET https://books.toscrape.com/catalogue/the-dovekeepers_748/index.html -> HTTP 200
2026-10-06 15:41:05,958 | DEBUG   | scrapers.base_scraper | GET https://books.toscrape.com/catalogue/the-darkest-lie_747/index.html -> HTTP 200
2026-10-06 15:41:07,446 | DEBUG   | scrapers.base_scraper | GET https://books.toscrape.com/catalogue/the-bane-chronicles-the-bane-chronicles-1-11_746/index.html -> HTTP 200
2026-10-06 15:41:08,658 | DEBUG   | scrapers.base_scraper | GET https://books.toscrape.com/catalogue/the-bad-ass-librarians-of-timbuktu-and-their-race-to-save-the-worlds-most-precious-manuscripts_745/index.html -> HTTP 200
2026-10-06 15:41:09,960 | DEBUG   | scrapers.base_scraper | GET https://books.toscrape.com/catalogue/the-14th-colony-cotton-malone-11_744/index.html -> HTTP 200
2026-10-06 15:41:11,404 | DEBUG   | scrapers.base_scraper | GET https://books.toscrape.com/catalogue/that-darkness-gardiner-and-renner-1_743/index.html -> HTTP 200
2026-10-06 15:41:12,312 | DEBUG   | scrapers.base_scraper | GET https://books.toscrape.com/catalogue/tastes-like-fear-di-marnie-rome-3_742/index.html -> HTTP 200
2026-10-06 15:41:13,237 | DEBUG   | scrapers.base_scraper | GET https://books.toscrape.com/catalogue/take-me-with-you_741/index.html -> HTTP 200
2026-10-06 15:41:14,478 | DEBUG   | scrapers.base_scraper | GET https://books.toscrape.com/catalogue/swell-a-year-of-waves_740/index.html -> HTTP 200
2026-10-06 15:41:15,768 | DEBUG   | scrapers.base_scraper | GET https://books.toscrape.com/catalogue/superman-vol-1-before-truth-superman-by-gene-luen-yang-1_739/index.html -> HTTP 200
2026-10-06 15:41:17,042 | DEBUG   | scrapers.base_scraper | GET https://books.toscrape.com/catalogue/still-life-with-bread-crumbs_738/index.html -> HTTP 200
2026-10-06 15:41:18,319 | DEBUG   | scrapers.base_scraper | GET https://books.toscrape.com/catalogue/steve-jobs_737/index.html -> HTTP 200
2026-10-06 15:41:19,502 | DEBUG   | scrapers.base_scraper | GET https://books.toscrape.com/catalogue/sorting-the-beef-from-the-bull-the-science-of-food-fraud-forensics_736/index.html -> HTTP 200
2026-10-06 15:41:20,529 | DEBUG   | scrapers.base_scraper | GET https://books.toscrape.com/catalogue/someone-like-you-the-harrisons-2_735/index.html -> HTTP 200
2026-10-06 15:41:21,921 | DEBUG   | scrapers.base_scraper | GET https://books.toscrape.com/catalogue/so-cute-it-hurts-vol-6-so-cute-it-hurts-6_734/index.html -> HTTP 200
2026-10-06 15:41:22,786 | DEBUG   | scrapers.base_scraper | GET https://books.toscrape.com/catalogue/shtum_733/index.html -> HTTP 200
2026-10-06 15:41:24,058 | DEBUG   | scrapers.base_scraper | GET https://books.toscrape.com/catalogue/see-america-a-celebration-of-our-national-parks-treasured-sites_732/index.html -> HTTP 200
2026-10-06 15:41:25,049 | DEBUG   | scrapers.base_scraper | GET https://books.toscrape.com/catalogue/salt_731/index.html -> HTTP 200
2026-10-06 15:41:26,473 | DEBUG   | scrapers.base_scraper | GET https://books.toscrape.com/catalogue/robin-war_730/index.html -> HTTP 200
2026-10-06 15:41:27,681 | DEBUG   | scrapers.base_scraper | GET https://books.toscrape.com/catalogue/red-hoodarsenal-vol-1-open-for-business-red-hoodarsenal-1_729/index.html -> HTTP 200
2026-10-06 15:41:28,984 | DEBUG   | scrapers.base_scraper | GET https://books.toscrape.com/catalogue/rain-fish_728/index.html -> HTTP 200
2026-10-06 15:41:30,196 | DEBUG   | scrapers.base_scraper | GET https://books.toscrape.com/catalogue/quarter-life-poetry-poems-for-the-young-broke-and-hangry_727/index.html -> HTTP 200
2026-10-06 15:41:31,129 | DEBUG   | scrapers.base_scraper | GET https://books.toscrape.com/catalogue/pet-sematary_726/index.html -> HTTP 200
2026-10-06 15:41:32,349 | DEBUG   | scrapers.base_scraper | GET https://books.toscrape.com/catalogue/overload-how-to-unplug-unwind-and-unleash-yourself-from-the-pressure-of-stress_725/index.html -> HTTP 200
2026-10-06 15:41:33,592 | DEBUG   | scrapers.base_scraper | GET https://books.toscrape.com/catalogue/once-was-a-time_724/index.html -> HTTP 200
2026-10-06 15:41:34,958 | DEBUG   | scrapers.base_scraper | GET https://books.toscrape.com/catalogue/old-school-diary-of-a-wimpy-kid-10_723/index.html -> HTTP 200
2026-10-06 15:41:36,204 | DEBUG   | scrapers.base_scraper | GET https://books.toscrape.com/catalogue/no-dream-is-too-high-life-lessons-from-a-man-who-walked-on-the-moon_722/index.html -> HTTP 200
2026-10-06 15:41:37,146 | DEBUG   | scrapers.base_scraper | GET https://books.toscrape.com/catalogue/naruto-3-in-1-edition-vol-14-includes-vols-40-41-42-naruto-omnibus-14_721/index.html -> HTTP 200
2026-10-06 15:41:38,360 | DEBUG   | scrapers.base_scraper | GET https://books.toscrape.com/catalogue/my-name-is-lucy-barton_720/index.html -> HTTP 200
2026-10-06 15:41:39,620 | DEBUG   | scrapers.base_scraper | GET https://books.toscrape.com/catalogue/my-mrs-brown_719/index.html -> HTTP 200
2026-10-06 15:41:40,475 | DEBUG   | scrapers.base_scraper | GET https://books.toscrape.com/catalogue/my-kind-of-crazy_718/index.html -> HTTP 200
2026-10-06 15:41:41,725 | DEBUG   | scrapers.base_scraper | GET https://books.toscrape.com/catalogue/mr-mercedes-bill-hodges-trilogy-1_717/index.html -> HTTP 200
2026-10-06 15:41:43,046 | DEBUG   | scrapers.base_scraper | GET https://books.toscrape.com/catalogue/more-than-music-chasing-the-dream-1_716/index.html -> HTTP 200
2026-10-06 15:41:44,305 | DEBUG   | scrapers.base_scraper | GET https://books.toscrape.com/catalogue/made-to-stick-why-some-ideas-survive-and-others-die_715/index.html -> HTTP 200
2026-10-06 15:41:45,245 | DEBUG   | scrapers.base_scraper | GET https://books.toscrape.com/catalogue/luis-paints-the-world_714/index.html -> HTTP 200
2026-10-06 15:41:46,502 | DEBUG   | scrapers.base_scraper | GET https://books.toscrape.com/catalogue/luckiest-girl-alive_713/index.html -> HTTP 200
2026-10-06 15:41:47,716 | DEBUG   | scrapers.base_scraper | GET https://books.toscrape.com/catalogue/lowriders-to-the-center-of-the-earth-lowriders-in-space-2_712/index.html -> HTTP 200
2026-10-06 15:41:48,930 | DEBUG   | scrapers.base_scraper | GET https://books.toscrape.com/catalogue/love-is-a-mix-tape-music-1_711/index.html -> HTTP 200
2026-10-06 15:41:50,220 | DEBUG   | scrapers.base_scraper | GET https://books.toscrape.com/catalogue/looking-for-lovely-collecting-the-moments-that-matter_710/index.html -> HTTP 200
2026-10-06 15:41:51,494 | DEBUG   | scrapers.base_scraper | GET https://books.toscrape.com/catalogue/living-leadership-by-insight-a-good-leader-achieves-a-great-leader-builds-monuments_709/index.html -> HTTP 200
2026-10-06 15:41:52,706 | DEBUG   | scrapers.base_scraper | GET https://books.toscrape.com/catalogue/let-it-out-a-journey-through-journaling_708/index.html -> HTTP 200
2026-10-06 15:41:53,932 | DEBUG   | scrapers.base_scraper | GET https://books.toscrape.com/catalogue/lady-midnight-the-dark-artifices-1_707/index.html -> HTTP 200
2026-10-06 15:41:55,265 | DEBUG   | scrapers.base_scraper | GET https://books.toscrape.com/catalogue/its-all-easy-healthy-delicious-weeknight-meals-in-under-30-minutes_706/index.html -> HTTP 200
2026-10-06 15:41:56,122 | DEBUG   | scrapers.base_scraper | GET https://books.toscrape.com/catalogue/island-of-dragons-unwanteds-7_705/index.html -> HTTP 200
2026-10-06 15:41:57,357 | DEBUG   | scrapers.base_scraper | GET https://books.toscrape.com/catalogue/i-know-what-im-doing-and-other-lies-i-tell-myself-dispatches-from-a-life-under-construction_704/index.html -> HTTP 200
2026-10-06 15:41:58,582 | DEBUG   | scrapers.base_scraper | GET https://books.toscrape.com/catalogue/i-am-pilgrim-pilgrim-1_703/index.html -> HTTP 200
2026-10-06 15:41:59,765 | DEBUG   | scrapers.base_scraper | GET https://books.toscrape.com/catalogue/hyperbole-and-a-half-unfortunate-situations-flawed-coping-mechanisms-mayhem-and-other-things-that-happened_702/index.html -> HTTP 200
2026-10-06 15:42:01,014 | DEBUG   | scrapers.base_scraper | GET https://books.toscrape.com/catalogue/hush-hush-hush-hush-1_701/index.html -> HTTP 200
2026-10-06 15:42:01,561 | INFO    | scrapers.books_scraper | [Books to Scrape] Detail pages: 300/1000
2026-10-06 15:42:02,265 | DEBUG   | scrapers.base_scraper | GET https://books.toscrape.com/catalogue/hold-your-breath-search-and-rescue-1_700/index.html -> HTTP 200
2026-10-06 15:42:03,457 | DEBUG   | scrapers.base_scraper | GET https://books.toscrape.com/catalogue/hamilton-the-revolution_699/index.html -> HTTP 200
2026-10-06 15:42:04,705 | DEBUG   | scrapers.base_scraper | GET https://books.toscrape.com/catalogue/greek-mythic-history_698/index.html -> HTTP 200
2026-10-06 15:42:05,868 | DEBUG   | scrapers.base_scraper | GET https://books.toscrape.com/catalogue/god-the-most-unpleasant-character-in-all-fiction_697/index.html -> HTTP 200
2026-10-06 15:42:07,071 | DEBUG   | scrapers.base_scraper | GET https://books.toscrape.com/catalogue/glory-over-everything-beyond-the-kitchen-house_696/index.html -> HTTP 200
2026-10-06 15:42:08,007 | DEBUG   | scrapers.base_scraper | GET https://books.toscrape.com/catalogue/feathers-displays-of-brilliant-plumage_695/index.html -> HTTP 200
2026-10-06 15:42:09,213 | DEBUG   | scrapers.base_scraper | GET https://books.toscrape.com/catalogue/far-away-places-on-the-brink-of-change-seven-continents-twenty-five-years_694/index.html -> HTTP 200
2026-10-06 15:42:10,436 | DEBUG   | scrapers.base_scraper | GET https://books.toscrape.com/catalogue/every-last-word_693/index.html -> HTTP 200
2026-10-06 15:42:11,871 | DEBUG   | scrapers.base_scraper | GET https://books.toscrape.com/catalogue/eligible-the-austen-project-4_692/index.html -> HTTP 200
2026-10-06 15:42:13,118 | DEBUG   | scrapers.base_scraper | GET https://books.toscrape.com/catalogue/el-deafo_691/index.html -> HTTP 200
2026-10-06 15:42:14,069 | DEBUG   | scrapers.base_scraper | GET https://books.toscrape.com/catalogue/eight-hundred-grapes_690/index.html -> HTTP 200
2026-10-06 15:42:15,746 | DEBUG   | scrapers.base_scraper | GET https://books.toscrape.com/catalogue/eaternity-more-than-150-deliciously-easy-vegan-recipes-for-a-long-healthy-satisfied-joyful-life_689/index.html -> HTTP 200
2026-10-06 15:42:16,968 | DEBUG   | scrapers.base_scraper | GET https://books.toscrape.com/catalogue/eat-fat-get-thin_688/index.html -> HTTP 200
2026-10-06 15:42:18,159 | DEBUG   | scrapers.base_scraper | GET https://books.toscrape.com/catalogue/dont-get-caught_687/index.html -> HTTP 200
2026-10-06 15:42:19,397 | DEBUG   | scrapers.base_scraper | GET https://books.toscrape.com/catalogue/doctor-sleep-the-shining-2_686/index.html -> HTTP 200
2026-10-06 15:42:20,616 | DEBUG   | scrapers.base_scraper | GET https://books.toscrape.com/catalogue/demigods-magicians-percy-and-annabeth-meet-the-kanes-percy-jackson-kane-chronicles-crossover-1-3_685/index.html -> HTTP 200
2026-10-06 15:42:22,937 | DEBUG   | scrapers.base_scraper | GET https://books.toscrape.com/catalogue/dear-mr-knightley_684/index.html -> HTTP 200
2026-10-06 15:42:23,847 | DEBUG   | scrapers.base_scraper | GET https://books.toscrape.com/catalogue/daily-fantasy-sports_683/index.html -> HTTP 200
2026-10-06 15:42:24,738 | DEBUG   | scrapers.base_scraper | GET https://books.toscrape.com/catalogue/crazy-love-overwhelmed-by-a-relentless-god_682/index.html -> HTTP 200
2026-10-06 15:42:25,891 | DEBUG   | scrapers.base_scraper | GET https://books.toscrape.com/catalogue/cometh-the-hour-the-clifton-chronicles-6_681/index.html -> HTTP 200
2026-10-06 15:42:26,772 | DEBUG   | scrapers.base_scraper | GET https://books.toscrape.com/catalogue/code-name-verity-code-name-verity-1_680/index.html -> HTTP 200
2026-10-06 15:42:27,696 | DEBUG   | scrapers.base_scraper | GET https://books.toscrape.com/catalogue/clockwork-angel-the-infernal-devices-1_679/index.html -> HTTP 200
2026-10-06 15:42:28,572 | DEBUG   | scrapers.base_scraper | GET https://books.toscrape.com/catalogue/city-of-glass-the-mortal-instruments-3_678/index.html -> HTTP 200
2026-10-06 15:42:29,439 | DEBUG   | scrapers.base_scraper | GET https://books.toscrape.com/catalogue/city-of-fallen-angels-the-mortal-instruments-4_677/index.html -> HTTP 200
2026-10-06 15:42:30,315 | DEBUG   | scrapers.base_scraper | GET https://books.toscrape.com/catalogue/city-of-bones-the-mortal-instruments-1_676/index.html -> HTTP 200
2026-10-06 15:42:31,221 | DEBUG   | scrapers.base_scraper | GET https://books.toscrape.com/catalogue/city-of-ashes-the-mortal-instruments-2_675/index.html -> HTTP 200
2026-10-06 15:42:32,510 | DEBUG   | scrapers.base_scraper | GET https://books.toscrape.com/catalogue/cell_674/index.html -> HTTP 200
2026-10-06 15:42:33,741 | DEBUG   | scrapers.base_scraper | GET https://books.toscrape.com/catalogue/catching-jordan-hundred-oaks_673/index.html -> HTTP 200
2026-10-06 15:42:35,019 | DEBUG   | scrapers.base_scraper | GET https://books.toscrape.com/catalogue/carry-on-warrior-thoughts-on-life-unarmed_672/index.html -> HTTP 200
2026-10-06 15:42:35,922 | DEBUG   | scrapers.base_scraper | GET https://books.toscrape.com/catalogue/carrie_671/index.html -> HTTP 200
2026-10-06 15:42:37,154 | DEBUG   | scrapers.base_scraper | GET https://books.toscrape.com/catalogue/buying-in-the-secret-dialogue-between-what-we-buy-and-who-we-are_670/index.html -> HTTP 200
2026-10-06 15:42:38,430 | DEBUG   | scrapers.base_scraper | GET https://books.toscrape.com/catalogue/brain-on-fire-my-month-of-madness_669/index.html -> HTTP 200
2026-10-06 15:42:39,745 | DEBUG   | scrapers.base_scraper | GET https://books.toscrape.com/catalogue/batman-europa_668/index.html -> HTTP 200
2026-10-06 15:42:40,982 | DEBUG   | scrapers.base_scraper | GET https://books.toscrape.com/catalogue/barefoot-contessa-back-to-basics_667/index.html -> HTTP 200
2026-10-06 15:42:42,288 | DEBUG   | scrapers.base_scraper | GET https://books.toscrape.com/catalogue/barefoot-contessa-at-home-everyday-recipes-youll-make-over-and-over-again_666/index.html -> HTTP 200
2026-10-06 15:42:43,548 | DEBUG   | scrapers.base_scraper | GET https://books.toscrape.com/catalogue/balloon-animals_665/index.html -> HTTP 200
2026-10-06 15:42:44,800 | DEBUG   | scrapers.base_scraper | GET https://books.toscrape.com/catalogue/art-ops-vol-1_664/index.html -> HTTP 200
2026-10-06 15:42:46,138 | DEBUG   | scrapers.base_scraper | GET https://books.toscrape.com/catalogue/aristotle-and-dante-discover-the-secrets-of-the-universe-aristotle-and-dante-discover-the-secrets-of-the-universe-1_663/index.html -> HTTP 200
2026-10-06 15:42:47,421 | DEBUG   | scrapers.base_scraper | GET https://books.toscrape.com/catalogue/angels-walking-angels-walking-1_662/index.html -> HTTP 200
2026-10-06 15:42:48,674 | DEBUG   | scrapers.base_scraper | GET https://books.toscrape.com/catalogue/angels-demons-robert-langdon-1_661/index.html -> HTTP 200
2026-10-06 15:42:50,262 | DEBUG   | scrapers.base_scraper | GET https://books.toscrape.com/catalogue/all-the-light-we-cannot-see_660/index.html -> HTTP 200
2026-10-06 15:42:51,160 | DEBUG   | scrapers.base_scraper | GET https://books.toscrape.com/catalogue/adulthood-is-a-myth-a-sarahs-scribbles-collection_659/index.html -> HTTP 200
2026-10-06 15:42:52,027 | DEBUG   | scrapers.base_scraper | GET https://books.toscrape.com/catalogue/abstract-city_658/index.html -> HTTP 200
2026-10-06 15:42:53,148 | DEBUG   | scrapers.base_scraper | GET https://books.toscrape.com/catalogue/a-time-of-torment-charlie-parker-14_657/index.html -> HTTP 200
2026-10-06 15:42:55,289 | DEBUG   | scrapers.base_scraper | GET https://books.toscrape.com/catalogue/a-study-in-scarlet-sherlock-holmes-1_656/index.html -> HTTP 200
2026-10-06 15:42:56,543 | DEBUG   | scrapers.base_scraper | GET https://books.toscrape.com/catalogue/a-series-of-catastrophes-and-miracles-a-true-story-of-love-science-and-cancer_655/index.html -> HTTP 200
2026-10-06 15:42:57,797 | DEBUG   | scrapers.base_scraper | GET https://books.toscrape.com/catalogue/a-peoples-history-of-the-united-states_654/index.html -> HTTP 200
2026-10-06 15:42:59,147 | DEBUG   | scrapers.base_scraper | GET https://books.toscrape.com/catalogue/a-man-called-ove_653/index.html -> HTTP 200
2026-10-06 15:43:00,513 | DEBUG   | scrapers.base_scraper | GET https://books.toscrape.com/catalogue/a-distant-mirror-the-calamitous-14th-century_652/index.html -> HTTP 200
2026-10-06 15:43:01,787 | DEBUG   | scrapers.base_scraper | GET https://books.toscrape.com/catalogue/a-brush-of-wings-angels-walking-3_651/index.html -> HTTP 200
2026-10-06 15:43:03,107 | DEBUG   | scrapers.base_scraper | GET https://books.toscrape.com/catalogue/1491-new-revelations-of-the-americas-before-columbus_650/index.html -> HTTP 200
2026-10-06 15:43:04,304 | DEBUG   | scrapers.base_scraper | GET https://books.toscrape.com/catalogue/the-three-searches-meaning-and-the-story_649/index.html -> HTTP 200
2026-10-06 15:43:05,560 | DEBUG   | scrapers.base_scraper | GET https://books.toscrape.com/catalogue/searching-for-meaning-in-gailana_648/index.html -> HTTP 200
2026-10-06 15:43:06,828 | DEBUG   | scrapers.base_scraper | GET https://books.toscrape.com/catalogue/rook_647/index.html -> HTTP 200
2026-10-06 15:43:08,094 | DEBUG   | scrapers.base_scraper | GET https://books.toscrape.com/catalogue/my-kitchen-year-136-recipes-that-saved-my-life_646/index.html -> HTTP 200
2026-10-06 15:43:09,315 | DEBUG   | scrapers.base_scraper | GET https://books.toscrape.com/catalogue/13-hours-the-inside-account-of-what-really-happened-in-benghazi_645/index.html -> HTTP 200
2026-10-06 15:43:10,544 | DEBUG   | scrapers.base_scraper | GET https://books.toscrape.com/catalogue/will-you-wont-you-want-me_644/index.html -> HTTP 200
2026-10-06 15:43:11,818 | DEBUG   | scrapers.base_scraper | GET https://books.toscrape.com/catalogue/tipping-point-for-planet-earth-how-close-are-we-to-the-edge_643/index.html -> HTTP 200
2026-10-06 15:43:13,285 | DEBUG   | scrapers.base_scraper | GET https://books.toscrape.com/catalogue/the-star-touched-queen_642/index.html -> HTTP 200
2026-10-06 15:43:14,243 | DEBUG   | scrapers.base_scraper | GET https://books.toscrape.com/catalogue/the-silent-sister-riley-macpherson-1_641/index.html -> HTTP 200
2026-10-06 15:43:15,144 | DEBUG   | scrapers.base_scraper | GET https://books.toscrape.com/catalogue/the-midnight-watch-a-novel-of-the-titanic-and-the-californian_640/index.html -> HTTP 200
2026-10-06 15:43:16,041 | DEBUG   | scrapers.base_scraper | GET https://books.toscrape.com/catalogue/the-lonely-city-adventures-in-the-art-of-being-alone_639/index.html -> HTTP 200
2026-10-06 15:43:17,008 | DEBUG   | scrapers.base_scraper | GET https://books.toscrape.com/catalogue/the-gray-rhino-how-to-recognize-and-act-on-the-obvious-dangers-we-ignore_638/index.html -> HTTP 200
2026-10-06 15:43:18,296 | DEBUG   | scrapers.base_scraper | GET https://books.toscrape.com/catalogue/the-golden-condom-and-other-essays-on-love-lost-and-found_637/index.html -> HTTP 200
2026-10-06 15:43:19,727 | DEBUG   | scrapers.base_scraper | GET https://books.toscrape.com/catalogue/the-epidemic-the-program-06_636/index.html -> HTTP 200
2026-10-06 15:43:20,979 | DEBUG   | scrapers.base_scraper | GET https://books.toscrape.com/catalogue/the-dinner-party_635/index.html -> HTTP 200
2026-10-06 15:43:22,250 | DEBUG   | scrapers.base_scraper | GET https://books.toscrape.com/catalogue/the-diary-of-a-young-girl_634/index.html -> HTTP 200
2026-10-06 15:43:23,575 | DEBUG   | scrapers.base_scraper | GET https://books.toscrape.com/catalogue/the-children_633/index.html -> HTTP 200
2026-10-06 15:43:24,888 | DEBUG   | scrapers.base_scraper | GET https://books.toscrape.com/catalogue/stars-above-the-lunar-chronicles-45_632/index.html -> HTTP 200
2026-10-06 15:43:26,503 | DEBUG   | scrapers.base_scraper | GET https://books.toscrape.com/catalogue/snatched-how-a-drug-queen-went-undercover-for-the-dea-and-was-kidnapped-by-colombian-guerillas_631/index.html -> HTTP 200
2026-10-06 15:43:27,707 | DEBUG   | scrapers.base_scraper | GET https://books.toscrape.com/catalogue/raspberry-pi-electronics-projects-for-the-evil-genius_630/index.html -> HTTP 200
2026-10-06 15:43:29,008 | DEBUG   | scrapers.base_scraper | GET https://books.toscrape.com/catalogue/quench-your-own-thirst-business-lessons-learned-over-a-beer-or-two_629/index.html -> HTTP 200
2026-10-06 15:43:30,263 | DEBUG   | scrapers.base_scraper | GET https://books.toscrape.com/catalogue/psycho-sanitarium-psycho-15_628/index.html -> HTTP 200
2026-10-06 15:43:31,451 | DEBUG   | scrapers.base_scraper | GET https://books.toscrape.com/catalogue/poisonous-max-revere-novels-3_627/index.html -> HTTP 200
2026-10-06 15:43:33,485 | DEBUG   | scrapers.base_scraper | GET https://books.toscrape.com/catalogue/one-with-you-crossfire-5_626/index.html -> HTTP 200
2026-10-06 15:43:34,717 | DEBUG   | scrapers.base_scraper | GET https://books.toscrape.com/catalogue/no-love-allowed-dodge-cove-1_625/index.html -> HTTP 200
2026-10-06 15:43:35,920 | DEBUG   | scrapers.base_scraper | GET https://books.toscrape.com/catalogue/murder-at-the-42nd-street-library-raymond-ambler-1_624/index.html -> HTTP 200
2026-10-06 15:43:37,179 | DEBUG   | scrapers.base_scraper | GET https://books.toscrape.com/catalogue/most-wanted_623/index.html -> HTTP 200
2026-10-06 15:43:38,413 | DEBUG   | scrapers.base_scraper | GET https://books.toscrape.com/catalogue/love-lies-and-spies_622/index.html -> HTTP 200
2026-10-06 15:43:39,687 | DEBUG   | scrapers.base_scraper | GET https://books.toscrape.com/catalogue/how-to-speak-golf-an-illustrated-guide-to-links-lingo_621/index.html -> HTTP 200
2026-10-06 15:43:40,902 | DEBUG   | scrapers.base_scraper | GET https://books.toscrape.com/catalogue/hide-away-eve-duncan-20_620/index.html -> HTTP 200
2026-10-06 15:43:42,131 | DEBUG   | scrapers.base_scraper | GET https://books.toscrape.com/catalogue/furiously-happy-a-funny-book-about-horrible-things_619/index.html -> HTTP 200
2026-10-06 15:43:43,429 | DEBUG   | scrapers.base_scraper | GET https://books.toscrape.com/catalogue/everyday-italian-125-simple-and-delicious-recipes_618/index.html -> HTTP 200
2026-10-06 15:43:44,725 | DEBUG   | scrapers.base_scraper | GET https://books.toscrape.com/catalogue/equal-is-unfair-americas-misguided-fight-against-income-inequality_617/index.html -> HTTP 200
2026-10-06 15:43:45,988 | DEBUG   | scrapers.base_scraper | GET https://books.toscrape.com/catalogue/eleanor-park_616/index.html -> HTTP 200
2026-10-06 15:43:47,224 | DEBUG   | scrapers.base_scraper | GET https://books.toscrape.com/catalogue/dirty-dive-bar-1_615/index.html -> HTTP 200
2026-10-06 15:43:48,488 | DEBUG   | scrapers.base_scraper | GET https://books.toscrape.com/catalogue/can-you-keep-a-secret-fear-street-relaunch-4_614/index.html -> HTTP 200
2026-10-06 15:43:49,822 | DEBUG   | scrapers.base_scraper | GET https://books.toscrape.com/catalogue/boar-island-anna-pigeon-19_613/index.html -> HTTP 200
2026-10-06 15:43:51,410 | DEBUG   | scrapers.base_scraper | GET https://books.toscrape.com/catalogue/a-paris-apartment_612/index.html -> HTTP 200
2026-10-06 15:43:52,367 | DEBUG   | scrapers.base_scraper | GET https://books.toscrape.com/catalogue/a-la-mode-120-recipes-in-60-pairings-pies-tarts-cakes-crisps-and-more-topped-with-ice-cream-gelato-frozen-custard-and-more_611/index.html -> HTTP 200
2026-10-06 15:43:53,670 | DEBUG   | scrapers.base_scraper | GET https://books.toscrape.com/catalogue/troublemaker-surviving-hollywood-and-scientology_610/index.html -> HTTP 200
2026-10-06 15:43:54,925 | DEBUG   | scrapers.base_scraper | GET https://books.toscrape.com/catalogue/the-widow_609/index.html -> HTTP 200
2026-10-06 15:43:56,106 | DEBUG   | scrapers.base_scraper | GET https://books.toscrape.com/catalogue/the-sleep-revolution-transforming-your-life-one-night-at-a-time_608/index.html -> HTTP 200
2026-10-06 15:43:57,579 | DEBUG   | scrapers.base_scraper | GET https://books.toscrape.com/catalogue/the-improbability-of-love_607/index.html -> HTTP 200
2026-10-06 15:43:58,888 | DEBUG   | scrapers.base_scraper | GET https://books.toscrape.com/catalogue/the-art-of-startup-fundraising_606/index.html -> HTTP 200
2026-10-06 15:44:00,150 | DEBUG   | scrapers.base_scraper | GET https://books.toscrape.com/catalogue/take-me-home-tonight-rock-star-romance-3_605/index.html -> HTTP 200
2026-10-06 15:44:01,575 | DEBUG   | scrapers.base_scraper | GET https://books.toscrape.com/catalogue/sleeping-giants-themis-files-1_604/index.html -> HTTP 200
2026-10-06 15:44:02,926 | DEBUG   | scrapers.base_scraper | GET https://books.toscrape.com/catalogue/setting-the-world-on-fire-the-brief-astonishing-life-of-st-catherine-of-siena_603/index.html -> HTTP 200
2026-10-06 15:44:04,123 | DEBUG   | scrapers.base_scraper | GET https://books.toscrape.com/catalogue/playing-with-fire_602/index.html -> HTTP 200
2026-10-06 15:44:05,336 | DEBUG   | scrapers.base_scraper | GET https://books.toscrape.com/catalogue/off-the-hook-fishing-for-trouble-1_601/index.html -> HTTP 200
2026-10-06 15:44:05,875 | INFO    | scrapers.books_scraper | [Books to Scrape] Detail pages: 400/1000
2026-10-06 15:44:06,656 | DEBUG   | scrapers.base_scraper | GET https://books.toscrape.com/catalogue/mothering-sunday_600/index.html -> HTTP 200
2026-10-06 15:44:07,865 | DEBUG   | scrapers.base_scraper | GET https://books.toscrape.com/catalogue/mother-can-you-not_599/index.html -> HTTP 200
2026-10-06 15:44:09,059 | DEBUG   | scrapers.base_scraper | GET https://books.toscrape.com/catalogue/m-train_598/index.html -> HTTP 200
2026-10-06 15:44:10,322 | DEBUG   | scrapers.base_scraper | GET https://books.toscrape.com/catalogue/lilac-girls_597/index.html -> HTTP 200
2026-10-06 15:44:11,559 | DEBUG   | scrapers.base_scraper | GET https://books.toscrape.com/catalogue/lies-and-other-acts-of-love_596/index.html -> HTTP 200
2026-10-06 15:44:12,799 | DEBUG   | scrapers.base_scraper | GET https://books.toscrape.com/catalogue/lab-girl_595/index.html -> HTTP 200
2026-10-06 15:44:14,076 | DEBUG   | scrapers.base_scraper | GET https://books.toscrape.com/catalogue/keep-me-posted_594/index.html -> HTTP 200
2026-10-06 15:44:15,324 | DEBUG   | scrapers.base_scraper | GET https://books.toscrape.com/catalogue/it-didnt-start-with-you-how-inherited-family-trauma-shapes-who-we-are-and-how-to-end-the-cycle_593/index.html -> HTTP 200
2026-10-06 15:44:16,578 | DEBUG   | scrapers.base_scraper | GET https://books.toscrape.com/catalogue/grey-fifty-shades-4_592/index.html -> HTTP 200
2026-10-06 15:44:17,864 | DEBUG   | scrapers.base_scraper | GET https://books.toscrape.com/catalogue/exit-pursued-by-a-bear_591/index.html -> HTTP 200
2026-10-06 15:44:19,098 | DEBUG   | scrapers.base_scraper | GET https://books.toscrape.com/catalogue/daredevils_590/index.html -> HTTP 200
2026-10-06 15:44:20,377 | DEBUG   | scrapers.base_scraper | GET https://books.toscrape.com/catalogue/cravings-recipes-for-what-you-want-to-eat_589/index.html -> HTTP 200
2026-10-06 15:44:21,595 | DEBUG   | scrapers.base_scraper | GET https://books.toscrape.com/catalogue/born-for-this-how-to-find-the-work-you-were-meant-to-do_588/index.html -> HTTP 200
2026-10-06 15:44:22,881 | DEBUG   | scrapers.base_scraper | GET https://books.toscrape.com/catalogue/arena_587/index.html -> HTTP 200
2026-10-06 15:44:24,182 | DEBUG   | scrapers.base_scraper | GET https://books.toscrape.com/catalogue/adultery_586/index.html -> HTTP 200
2026-10-06 15:44:25,639 | DEBUG   | scrapers.base_scraper | GET https://books.toscrape.com/catalogue/a-mothers-reckoning-living-in-the-aftermath-of-tragedy_585/index.html -> HTTP 200
2026-10-06 15:44:26,898 | DEBUG   | scrapers.base_scraper | GET https://books.toscrape.com/catalogue/a-gentlemans-position-society-of-gentlemen-3_584/index.html -> HTTP 200
2026-10-06 15:44:28,131 | DEBUG   | scrapers.base_scraper | GET https://books.toscrape.com/catalogue/112263_583/index.html -> HTTP 200
2026-10-06 15:44:29,481 | DEBUG   | scrapers.base_scraper | GET https://books.toscrape.com/catalogue/10-happier-how-i-tamed-the-voice-in-my-head-reduced-stress-without-losing-my-edge-and-found-self-help-that-actually-works_582/index.html -> HTTP 200
2026-10-06 15:44:30,740 | DEBUG   | scrapers.base_scraper | GET https://books.toscrape.com/catalogue/10-day-green-smoothie-cleanse-lose-up-to-15-pounds-in-10-days_581/index.html -> HTTP 200
2026-10-06 15:44:32,025 | DEBUG   | scrapers.base_scraper | GET https://books.toscrape.com/catalogue/without-shame_580/index.html -> HTTP 200
2026-10-06 15:44:33,226 | DEBUG   | scrapers.base_scraper | GET https://books.toscrape.com/catalogue/watchmen_579/index.html -> HTTP 200
2026-10-06 15:44:34,429 | DEBUG   | scrapers.base_scraper | GET https://books.toscrape.com/catalogue/unlimited-intuition-now_578/index.html -> HTTP 200
2026-10-06 15:44:35,705 | DEBUG   | scrapers.base_scraper | GET https://books.toscrape.com/catalogue/underlying-notes_577/index.html -> HTTP 200
2026-10-06 15:44:37,273 | DEBUG   | scrapers.base_scraper | GET https://books.toscrape.com/catalogue/the-shack_576/index.html -> HTTP 200
2026-10-06 15:44:38,160 | DEBUG   | scrapers.base_scraper | GET https://books.toscrape.com/catalogue/the-new-brand-you-your-new-image-makes-the-sale-for-you_575/index.html -> HTTP 200
2026-10-06 15:44:39,088 | DEBUG   | scrapers.base_scraper | GET https://books.toscrape.com/catalogue/the-moosewood-cookbook-recipes-from-moosewood-restaurant-ithaca-new-york_574/index.html -> HTTP 200
2026-10-06 15:44:40,000 | DEBUG   | scrapers.base_scraper | GET https://books.toscrape.com/catalogue/the-flowers-lied_573/index.html -> HTTP 200
2026-10-06 15:44:40,950 | DEBUG   | scrapers.base_scraper | GET https://books.toscrape.com/catalogue/the-fabric-of-the-cosmos-space-time-and-the-texture-of-reality_572/index.html -> HTTP 200
2026-10-06 15:44:41,829 | DEBUG   | scrapers.base_scraper | GET https://books.toscrape.com/catalogue/the-book-of-mormon_571/index.html -> HTTP 200
2026-10-06 15:44:43,121 | DEBUG   | scrapers.base_scraper | GET https://books.toscrape.com/catalogue/the-art-and-science-of-low-carbohydrate-living_570/index.html -> HTTP 200
2026-10-06 15:44:44,538 | DEBUG   | scrapers.base_scraper | GET https://books.toscrape.com/catalogue/the-alien-club_569/index.html -> HTTP 200
2026-10-06 15:44:45,816 | DEBUG   | scrapers.base_scraper | GET https://books.toscrape.com/catalogue/suzie-snowflake-one-beautiful-flake-a-self-esteem-story_568/index.html -> HTTP 200
2026-10-06 15:44:47,148 | DEBUG   | scrapers.base_scraper | GET https://books.toscrape.com/catalogue/nap-a-roo_567/index.html -> HTTP 200
2026-10-06 15:44:48,363 | DEBUG   | scrapers.base_scraper | GET https://books.toscrape.com/catalogue/nano-what-now-finding-your-editing-process-revising-your-nanowrimo-book-and-building-a-writing-career-through-publishing-and-beyond_566/index.html -> HTTP 200
2026-10-06 15:44:49,531 | DEBUG   | scrapers.base_scraper | GET https://books.toscrape.com/catalogue/modern-day-fables_565/index.html -> HTTP 200
2026-10-06 15:44:50,725 | DEBUG   | scrapers.base_scraper | GET https://books.toscrape.com/catalogue/if-i-gave-you-gods-phone-number-searching-for-spirituality-in-america_564/index.html -> HTTP 200
2026-10-06 15:44:52,077 | DEBUG   | scrapers.base_scraper | GET https://books.toscrape.com/catalogue/fruits-basket-vol-9-fruits-basket-9_563/index.html -> HTTP 200
2026-10-06 15:44:53,350 | DEBUG   | scrapers.base_scraper | GET https://books.toscrape.com/catalogue/dress-your-family-in-corduroy-and-denim_562/index.html -> HTTP 200
2026-10-06 15:44:54,506 | DEBUG   | scrapers.base_scraper | GET https://books.toscrape.com/catalogue/dont-forget-steven_561/index.html -> HTTP 200
2026-10-06 15:44:55,719 | DEBUG   | scrapers.base_scraper | GET https://books.toscrape.com/catalogue/chernobyl-012340-the-incredible-true-story-of-the-worlds-worst-nuclear-disaster_560/index.html -> HTTP 200
2026-10-06 15:44:56,934 | DEBUG   | scrapers.base_scraper | GET https://books.toscrape.com/catalogue/art-and-fear-observations-on-the-perils-and-rewards-of-artmaking_559/index.html -> HTTP 200
2026-10-06 15:44:58,216 | DEBUG   | scrapers.base_scraper | GET https://books.toscrape.com/catalogue/a-shard-of-ice-the-black-symphony-saga-1_558/index.html -> HTTP 200
2026-10-06 15:44:59,461 | DEBUG   | scrapers.base_scraper | GET https://books.toscrape.com/catalogue/a-heros-curse-the-unseen-chronicles-1_557/index.html -> HTTP 200
2026-10-06 15:45:00,655 | DEBUG   | scrapers.base_scraper | GET https://books.toscrape.com/catalogue/23-degrees-south-a-tropical-tale-of-changing-whether_556/index.html -> HTTP 200
2026-10-06 15:45:01,888 | DEBUG   | scrapers.base_scraper | GET https://books.toscrape.com/catalogue/zero-to-one-notes-on-startups-or-how-to-build-the-future_555/index.html -> HTTP 200
2026-10-06 15:45:03,461 | DEBUG   | scrapers.base_scraper | GET https://books.toscrape.com/catalogue/why-not-me_554/index.html -> HTTP 200
2026-10-06 15:45:04,350 | DEBUG   | scrapers.base_scraper | GET https://books.toscrape.com/catalogue/when-breath-becomes-air_553/index.html -> HTTP 200
2026-10-06 15:45:05,528 | DEBUG   | scrapers.base_scraper | GET https://books.toscrape.com/catalogue/vagabonding-an-uncommon-guide-to-the-art-of-long-term-world-travel_552/index.html -> HTTP 200
2026-10-06 15:45:06,729 | DEBUG   | scrapers.base_scraper | GET https://books.toscrape.com/catalogue/the-unlikely-pilgrimage-of-harold-fry-harold-fry-1_551/index.html -> HTTP 200
2026-10-06 15:45:07,983 | DEBUG   | scrapers.base_scraper | GET https://books.toscrape.com/catalogue/the-new-drawing-on-the-right-side-of-the-brain_550/index.html -> HTTP 200
2026-10-06 15:45:09,165 | DEBUG   | scrapers.base_scraper | GET https://books.toscrape.com/catalogue/the-midnight-assassin-panic-scandal-and-the-hunt-for-americas-first-serial-killer_549/index.html -> HTTP 200
2026-10-06 15:45:10,363 | DEBUG   | scrapers.base_scraper | GET https://books.toscrape.com/catalogue/the-martian-the-martian-1_548/index.html -> HTTP 200
2026-10-06 15:45:11,593 | DEBUG   | scrapers.base_scraper | GET https://books.toscrape.com/catalogue/the-high-mountains-of-portugal_547/index.html -> HTTP 200
2026-10-06 15:45:12,822 | DEBUG   | scrapers.base_scraper | GET https://books.toscrape.com/catalogue/the-grownup_546/index.html -> HTTP 200
2026-10-06 15:45:14,037 | DEBUG   | scrapers.base_scraper | GET https://books.toscrape.com/catalogue/the-e-myth-revisited-why-most-small-businesses-dont-work-and-what-to-do-about-it_545/index.html -> HTTP 200
2026-10-06 15:45:15,243 | DEBUG   | scrapers.base_scraper | GET https://books.toscrape.com/catalogue/south-of-sunshine_544/index.html -> HTTP 200
2026-10-06 15:45:16,491 | DEBUG   | scrapers.base_scraper | GET https://books.toscrape.com/catalogue/smarter-faster-better-the-secrets-of-being-productive-in-life-and-business_543/index.html -> HTTP 200
2026-10-06 15:45:17,731 | DEBUG   | scrapers.base_scraper | GET https://books.toscrape.com/catalogue/silence-in-the-dark-logan-point-4_542/index.html -> HTTP 200
2026-10-06 15:45:18,963 | DEBUG   | scrapers.base_scraper | GET https://books.toscrape.com/catalogue/shadows-of-the-past-logan-point-1_541/index.html -> HTTP 200
2026-10-06 15:45:20,293 | DEBUG   | scrapers.base_scraper | GET https://books.toscrape.com/catalogue/roller-girl_540/index.html -> HTTP 200
2026-10-06 15:45:21,797 | DEBUG   | scrapers.base_scraper | GET https://books.toscrape.com/catalogue/rising-strong_539/index.html -> HTTP 200
2026-10-06 15:45:23,048 | DEBUG   | scrapers.base_scraper | GET https://books.toscrape.com/catalogue/proofs-of-god-classical-arguments-from-tertullian-to-barth_538/index.html -> HTTP 200
2026-10-06 15:45:25,205 | DEBUG   | scrapers.base_scraper | GET https://books.toscrape.com/catalogue/please-kill-me-the-uncensored-oral-history-of-punk_537/index.html -> HTTP 200
2026-10-06 15:45:27,096 | DEBUG   | scrapers.base_scraper | GET https://books.toscrape.com/catalogue/out-of-print-city-lights-spotlight-no-14_536/index.html -> HTTP 200
2026-10-06 15:45:28,442 | DEBUG   | scrapers.base_scraper | GET https://books.toscrape.com/catalogue/my-life-next-door-my-life-next-door_535/index.html -> HTTP 200
2026-10-06 15:45:29,650 | DEBUG   | scrapers.base_scraper | GET https://books.toscrape.com/catalogue/millers-valley_534/index.html -> HTTP 200
2026-10-06 15:45:30,603 | DEBUG   | scrapers.base_scraper | GET https://books.toscrape.com/catalogue/mans-search-for-meaning_533/index.html -> HTTP 200
2026-10-06 15:45:31,774 | DEBUG   | scrapers.base_scraper | GET https://books.toscrape.com/catalogue/love-that-boy-what-two-presidents-eight-road-trips-and-my-son-taught-me-about-a-parents-expectations_532/index.html -> HTTP 200
2026-10-06 15:45:32,653 | DEBUG   | scrapers.base_scraper | GET https://books.toscrape.com/catalogue/living-forward-a-proven-plan-to-stop-drifting-and-get-the-life-you-want_531/index.html -> HTTP 200
2026-10-06 15:45:33,536 | DEBUG   | scrapers.base_scraper | GET https://books.toscrape.com/catalogue/les-fleurs-du-mal_530/index.html -> HTTP 200
2026-10-06 15:45:34,774 | DEBUG   | scrapers.base_scraper | GET https://books.toscrape.com/catalogue/left-behind-left-behind-1_529/index.html -> HTTP 200
2026-10-06 15:45:36,423 | DEBUG   | scrapers.base_scraper | GET https://books.toscrape.com/catalogue/kill-em-and-leave-searching-for-james-brown-and-the-american-soul_528/index.html -> HTTP 200
2026-10-06 15:45:37,629 | DEBUG   | scrapers.base_scraper | GET https://books.toscrape.com/catalogue/kierkegaard-a-christian-missionary-to-christians_527/index.html -> HTTP 200
2026-10-06 15:45:39,255 | DEBUG   | scrapers.base_scraper | GET https://books.toscrape.com/catalogue/john-vassos-industrial-design-for-modern-life_526/index.html -> HTTP 200
2026-10-06 15:45:40,139 | DEBUG   | scrapers.base_scraper | GET https://books.toscrape.com/catalogue/ill-give-you-the-sun_525/index.html -> HTTP 200
2026-10-06 15:45:41,133 | DEBUG   | scrapers.base_scraper | GET https://books.toscrape.com/catalogue/i-will-find-you_524/index.html -> HTTP 200
2026-10-06 15:45:42,407 | DEBUG   | scrapers.base_scraper | GET https://books.toscrape.com/catalogue/hystopia-a-novel_523/index.html -> HTTP 200
2026-10-06 15:45:43,612 | DEBUG   | scrapers.base_scraper | GET https://books.toscrape.com/catalogue/howl-and-other-poems_522/index.html -> HTTP 200
2026-10-06 15:45:44,854 | DEBUG   | scrapers.base_scraper | GET https://books.toscrape.com/catalogue/history-of-beauty_521/index.html -> HTTP 200
2026-10-06 15:45:46,084 | DEBUG   | scrapers.base_scraper | GET https://books.toscrape.com/catalogue/heaven-is-for-real-a-little-boys-astounding-story-of-his-trip-to-heaven-and-back_520/index.html -> HTTP 200
2026-10-06 15:45:47,567 | DEBUG   | scrapers.base_scraper | GET https://books.toscrape.com/catalogue/future-shock-future-shock-1_519/index.html -> HTTP 200
2026-10-06 15:45:48,796 | DEBUG   | scrapers.base_scraper | GET https://books.toscrape.com/catalogue/enders-game-the-ender-quintet-1_518/index.html -> HTTP 200
2026-10-06 15:45:50,064 | DEBUG   | scrapers.base_scraper | GET https://books.toscrape.com/catalogue/diary-of-a-citizen-scientist-chasing-tiger-beetles-and-other-new-ways-of-engaging-the-world_517/index.html -> HTTP 200
2026-10-06 15:45:51,277 | DEBUG   | scrapers.base_scraper | GET https://books.toscrape.com/catalogue/death-by-leisure-a-cautionary-tale_516/index.html -> HTTP 200
2026-10-06 15:45:52,480 | DEBUG   | scrapers.base_scraper | GET https://books.toscrape.com/catalogue/brilliant-beacons-a-history-of-the-american-lighthouse_515/index.html -> HTTP 200
2026-10-06 15:45:53,706 | DEBUG   | scrapers.base_scraper | GET https://books.toscrape.com/catalogue/brazen-the-courage-to-find-the-you-thats-been-hiding_514/index.html -> HTTP 200
2026-10-06 15:45:54,944 | DEBUG   | scrapers.base_scraper | GET https://books.toscrape.com/catalogue/between-the-world-and-me_513/index.html -> HTTP 200
2026-10-06 15:45:56,208 | DEBUG   | scrapers.base_scraper | GET https://books.toscrape.com/catalogue/being-mortal-medicine-and-what-matters-in-the-end_512/index.html -> HTTP 200
2026-10-06 15:45:57,477 | DEBUG   | scrapers.base_scraper | GET https://books.toscrape.com/catalogue/a-murder-over-a-girl-justice-gender-junior-high_511/index.html -> HTTP 200
2026-10-06 15:45:58,779 | DEBUG   | scrapers.base_scraper | GET https://books.toscrape.com/catalogue/32-yolks_510/index.html -> HTTP 200
2026-10-06 15:46:00,077 | DEBUG   | scrapers.base_scraper | GET https://books.toscrape.com/catalogue/most-blessed-of-the-patriarchs-thomas-jefferson-and-the-empire-of-the-imagination_509/index.html -> HTTP 200
2026-10-06 15:46:01,320 | DEBUG   | scrapers.base_scraper | GET https://books.toscrape.com/catalogue/you-are-a-badass-how-to-stop-doubting-your-greatness-and-start-living-an-awesome-life_508/index.html -> HTTP 200
2026-10-06 15:46:02,565 | DEBUG   | scrapers.base_scraper | GET https://books.toscrape.com/catalogue/wildlife-of-new-york-a-five-borough-coloring-book_507/index.html -> HTTP 200
2026-10-06 15:46:04,211 | DEBUG   | scrapers.base_scraper | GET https://books.toscrape.com/catalogue/what-happened-on-beale-street-secrets-of-the-south-mysteries-2_506/index.html -> HTTP 200
2026-10-06 15:46:05,158 | DEBUG   | scrapers.base_scraper | GET https://books.toscrape.com/catalogue/unreasonable-hope-finding-faith-in-the-god-who-brings-purpose-to-your-pain_505/index.html -> HTTP 200
2026-10-06 15:46:06,354 | DEBUG   | scrapers.base_scraper | GET https://books.toscrape.com/catalogue/under-the-tuscan-sun_504/index.html -> HTTP 200
2026-10-06 15:46:07,532 | DEBUG   | scrapers.base_scraper | GET https://books.toscrape.com/catalogue/toddlers-are-aholes-its-not-your-fault_503/index.html -> HTTP 200
2026-10-06 15:46:08,721 | DEBUG   | scrapers.base_scraper | GET https://books.toscrape.com/catalogue/the-year-of-living-biblically-one-mans-humble-quest-to-follow-the-bible-as-literally-as-possible_502/index.html -> HTTP 200
2026-10-06 15:46:09,929 | DEBUG   | scrapers.base_scraper | GET https://books.toscrape.com/catalogue/the-whale_501/index.html -> HTTP 200
2026-10-06 15:46:10,452 | INFO    | scrapers.books_scraper | [Books to Scrape] Detail pages: 500/1000
2026-10-06 15:46:11,155 | DEBUG   | scrapers.base_scraper | GET https://books.toscrape.com/catalogue/the-story-of-art_500/index.html -> HTTP 200
2026-10-06 15:46:12,468 | DEBUG   | scrapers.base_scraper | GET https://books.toscrape.com/catalogue/the-origin-of-species_499/index.html -> HTTP 200
2026-10-06 15:46:13,708 | DEBUG   | scrapers.base_scraper | GET https://books.toscrape.com/catalogue/the-great-gatsby_498/index.html -> HTTP 200
2026-10-06 15:46:14,908 | DEBUG   | scrapers.base_scraper | GET https://books.toscrape.com/catalogue/the-good-girl_497/index.html -> HTTP 200
2026-10-06 15:46:16,114 | DEBUG   | scrapers.base_scraper | GET https://books.toscrape.com/catalogue/the-glass-castle_496/index.html -> HTTP 200
2026-10-06 15:46:17,362 | DEBUG   | scrapers.base_scraper | GET https://books.toscrape.com/catalogue/the-faith-of-christopher-hitchens-the-restless-soul-of-the-worlds-most-notorious-atheist_495/index.html -> HTTP 200
2026-10-06 15:46:19,039 | DEBUG   | scrapers.base_scraper | GET https://books.toscrape.com/catalogue/the-drowning-girls_494/index.html -> HTTP 200
2026-10-06 15:46:20,678 | DEBUG   | scrapers.base_scraper | GET https://books.toscrape.com/catalogue/the-constant-princess-the-tudor-court-1_493/index.html -> HTTP 200
2026-10-06 15:46:21,891 | DEBUG   | scrapers.base_scraper | GET https://books.toscrape.com/catalogue/the-bourne-identity-jason-bourne-1_492/index.html -> HTTP 200
2026-10-06 15:46:24,448 | DEBUG   | scrapers.base_scraper | GET https://books.toscrape.com/catalogue/the-bachelor-girls-guide-to-murder-herringford-and-watts-mysteries-1_491/index.html -> HTTP 200
2026-10-06 15:46:26,518 | DEBUG   | scrapers.base_scraper | GET https://books.toscrape.com/catalogue/the-art-book_490/index.html -> HTTP 200
2026-10-06 15:46:27,823 | DEBUG   | scrapers.base_scraper | GET https://books.toscrape.com/catalogue/the-7-habits-of-highly-effective-people-powerful-lessons-in-personal-change_489/index.html -> HTTP 200
2026-10-06 15:46:29,059 | DEBUG   | scrapers.base_scraper | GET https://books.toscrape.com/catalogue/team-of-rivals-the-political-genius-of-abraham-lincoln_488/index.html -> HTTP 200
2026-10-06 15:46:29,983 | DEBUG   | scrapers.base_scraper | GET https://books.toscrape.com/catalogue/steal-like-an-artist-10-things-nobody-told-you-about-being-creative_487/index.html -> HTTP 200
2026-10-06 15:46:31,390 | DEBUG   | scrapers.base_scraper | GET https://books.toscrape.com/catalogue/sit-stay-love_486/index.html -> HTTP 200
2026-10-06 15:46:32,685 | DEBUG   | scrapers.base_scraper | GET https://books.toscrape.com/catalogue/sister-dear_485/index.html -> HTTP 200
2026-10-06 15:46:33,981 | DEBUG   | scrapers.base_scraper | GET https://books.toscrape.com/catalogue/shrunken-treasures-literary-classics-short-sweet-and-silly_484/index.html -> HTTP 200
2026-10-06 15:46:35,272 | DEBUG   | scrapers.base_scraper | GET https://books.toscrape.com/catalogue/rich-dad-poor-dad_483/index.html -> HTTP 200
2026-10-06 15:46:36,506 | DEBUG   | scrapers.base_scraper | GET https://books.toscrape.com/catalogue/raymie-nightingale_482/index.html -> HTTP 200
2026-10-06 15:46:37,793 | DEBUG   | scrapers.base_scraper | GET https://books.toscrape.com/catalogue/playing-from-the-heart_481/index.html -> HTTP 200
2026-10-06 15:46:39,044 | DEBUG   | scrapers.base_scraper | GET https://books.toscrape.com/catalogue/nightstruck-a-novel_480/index.html -> HTTP 200
2026-10-06 15:46:40,317 | DEBUG   | scrapers.base_scraper | GET https://books.toscrape.com/catalogue/naturally-lean-125-nourishing-gluten-free-plant-based-recipes-all-under-300-calories_479/index.html -> HTTP 200
2026-10-06 15:46:42,174 | DEBUG   | scrapers.base_scraper | GET https://books.toscrape.com/catalogue/meternity_478/index.html -> HTTP 200
2026-10-06 15:46:43,441 | DEBUG   | scrapers.base_scraper | GET https://books.toscrape.com/catalogue/memoirs-of-a-geisha_477/index.html -> HTTP 200
2026-10-06 15:46:44,732 | DEBUG   | scrapers.base_scraper | GET https://books.toscrape.com/catalogue/like-never-before-walker-family-2_476/index.html -> HTTP 200
2026-10-06 15:46:46,008 | DEBUG   | scrapers.base_scraper | GET https://books.toscrape.com/catalogue/life-of-pi_475/index.html -> HTTP 200
2026-10-06 15:46:47,248 | DEBUG   | scrapers.base_scraper | GET https://books.toscrape.com/catalogue/leave-this-song-behind-teen-poetry-at-its-best_474/index.html -> HTTP 200
2026-10-06 15:46:49,173 | DEBUG   | scrapers.base_scraper | GET https://books.toscrape.com/catalogue/kings-folly-the-kinsman-chronicles-1_473/index.html -> HTTP 200
2026-10-06 15:46:50,199 | DEBUG   | scrapers.base_scraper | GET https://books.toscrape.com/catalogue/john-adams_472/index.html -> HTTP 200
2026-10-06 15:46:51,156 | DEBUG   | scrapers.base_scraper | GET https://books.toscrape.com/catalogue/how-to-cook-everything-vegetarian-simple-meatless-recipes-for-great-food-how-to-cook-everything_471/index.html -> HTTP 200
2026-10-06 15:46:52,562 | DEBUG   | scrapers.base_scraper | GET https://books.toscrape.com/catalogue/how-to-be-a-domestic-goddess-baking-and-the-art-of-comfort-cooking_470/index.html -> HTTP 200
2026-10-06 15:46:53,818 | DEBUG   | scrapers.base_scraper | GET https://books.toscrape.com/catalogue/good-in-bed-cannie-shapiro-1_469/index.html -> HTTP 200
2026-10-06 15:46:55,038 | DEBUG   | scrapers.base_scraper | GET https://books.toscrape.com/catalogue/fruits-basket-vol-7-fruits-basket-7_468/index.html -> HTTP 200
2026-10-06 15:46:56,255 | DEBUG   | scrapers.base_scraper | GET https://books.toscrape.com/catalogue/for-the-love-fighting-for-grace-in-a-world-of-impossible-standards_467/index.html -> HTTP 200
2026-10-06 15:46:57,526 | DEBUG   | scrapers.base_scraper | GET https://books.toscrape.com/catalogue/finding-god-in-the-ruins-how-god-redeems-pain_466/index.html -> HTTP 200
2026-10-06 15:46:58,805 | DEBUG   | scrapers.base_scraper | GET https://books.toscrape.com/catalogue/every-heart-a-doorway-every-heart-a-doorway-1_465/index.html -> HTTP 200
2026-10-06 15:47:00,093 | DEBUG   | scrapers.base_scraper | GET https://books.toscrape.com/catalogue/delivering-the-truth-quaker-midwife-mystery-1_464/index.html -> HTTP 200
2026-10-06 15:47:01,339 | DEBUG   | scrapers.base_scraper | GET https://books.toscrape.com/catalogue/counted-with-the-stars-out-from-egypt-1_463/index.html -> HTTP 200
2026-10-06 15:47:02,814 | DEBUG   | scrapers.base_scraper | GET https://books.toscrape.com/catalogue/chronicles-vol-1_462/index.html -> HTTP 200
2026-10-06 15:47:03,708 | DEBUG   | scrapers.base_scraper | GET https://books.toscrape.com/catalogue/blue-like-jazz-nonreligious-thoughts-on-christian-spirituality_461/index.html -> HTTP 200
2026-10-06 15:47:04,578 | DEBUG   | scrapers.base_scraper | GET https://books.toscrape.com/catalogue/benjamin-franklin-an-american-life_460/index.html -> HTTP 200
2026-10-06 15:47:06,488 | DEBUG   | scrapers.base_scraper | GET https://books.toscrape.com/catalogue/at-the-existentialist-cafe-freedom-being-and-apricot-cocktails-with-jean-paul-sartre-simone-de-beauvoir-albert-camus-martin-heidegger-edmund-husserl-karl-jaspers-maurice-merleau-ponty-and-others_459/index.html -> HTTP 200
2026-10-06 15:47:07,760 | DEBUG   | scrapers.base_scraper | GET https://books.toscrape.com/catalogue/a-summer-in-europe_458/index.html -> HTTP 200
2026-10-06 15:47:09,045 | DEBUG   | scrapers.base_scraper | GET https://books.toscrape.com/catalogue/a-short-history-of-nearly-everything_457/index.html -> HTTP 200
2026-10-06 15:47:10,439 | DEBUG   | scrapers.base_scraper | GET https://books.toscrape.com/catalogue/a-gathering-of-shadows-shades-of-magic-2_456/index.html -> HTTP 200
2026-10-06 15:47:11,821 | DEBUG   | scrapers.base_scraper | GET https://books.toscrape.com/catalogue/the-sound-of-love_455/index.html -> HTTP 200
2026-10-06 15:47:12,791 | DEBUG   | scrapers.base_scraper | GET https://books.toscrape.com/catalogue/the-rise-and-fall-of-the-third-reich-a-history-of-nazi-germany_454/index.html -> HTTP 200
2026-10-06 15:47:13,692 | DEBUG   | scrapers.base_scraper | GET https://books.toscrape.com/catalogue/the-perks-of-being-a-wallflower_453/index.html -> HTTP 200
2026-10-06 15:47:14,736 | DEBUG   | scrapers.base_scraper | GET https://books.toscrape.com/catalogue/the-mysterious-affair-at-styles-hercule-poirot-1_452/index.html -> HTTP 200
2026-10-06 15:47:15,974 | DEBUG   | scrapers.base_scraper | GET https://books.toscrape.com/catalogue/the-man-who-mistook-his-wife-for-a-hat-and-other-clinical-tales_451/index.html -> HTTP 200
2026-10-06 15:47:17,188 | DEBUG   | scrapers.base_scraper | GET https://books.toscrape.com/catalogue/the-makings-of-a-fatherless-child_450/index.html -> HTTP 200
2026-10-06 15:47:19,462 | DEBUG   | scrapers.base_scraper | GET https://books.toscrape.com/catalogue/the-joy-of-cooking_449/index.html -> HTTP 200
2026-10-06 15:47:20,560 | DEBUG   | scrapers.base_scraper | GET https://books.toscrape.com/catalogue/the-invention-of-wings_448/index.html -> HTTP 200
2026-10-06 15:47:21,932 | DEBUG   | scrapers.base_scraper | GET https://books.toscrape.com/catalogue/the-hobbit-middle-earth-universe_447/index.html -> HTTP 200
2026-10-06 15:47:23,812 | DEBUG   | scrapers.base_scraper | GET https://books.toscrape.com/catalogue/the-great-railway-bazaar_446/index.html -> HTTP 200
2026-10-06 15:47:25,216 | DEBUG   | scrapers.base_scraper | GET https://books.toscrape.com/catalogue/the-golden-compass-his-dark-materials-1_445/index.html -> HTTP 200
2026-10-06 15:47:26,628 | DEBUG   | scrapers.base_scraper | GET https://books.toscrape.com/catalogue/the-god-delusion_444/index.html -> HTTP 200
2026-10-06 15:47:28,291 | DEBUG   | scrapers.base_scraper | GET https://books.toscrape.com/catalogue/the-girl-you-left-behind-the-girl-you-left-behind-1_443/index.html -> HTTP 200
2026-10-06 15:47:29,187 | DEBUG   | scrapers.base_scraper | GET https://books.toscrape.com/catalogue/the-fellowship-of-the-ring-the-lord-of-the-rings-1_442/index.html -> HTTP 200
2026-10-06 15:47:30,111 | DEBUG   | scrapers.base_scraper | GET https://books.toscrape.com/catalogue/the-collected-poems-of-wb-yeats-the-collected-works-of-wb-yeats-1_441/index.html -> HTTP 200
2026-10-06 15:47:31,021 | DEBUG   | scrapers.base_scraper | GET https://books.toscrape.com/catalogue/the-barefoot-contessa-cookbook_440/index.html -> HTTP 200
2026-10-06 15:47:31,898 | DEBUG   | scrapers.base_scraper | GET https://books.toscrape.com/catalogue/tell-the-wolves-im-home_439/index.html -> HTTP 200
2026-10-06 15:47:32,794 | DEBUG   | scrapers.base_scraper | GET https://books.toscrape.com/catalogue/ship-leaves-harbor-essays-on-travel-by-a-recovering-journeyman_438/index.html -> HTTP 200
2026-10-06 15:47:33,709 | DEBUG   | scrapers.base_scraper | GET https://books.toscrape.com/catalogue/pride-and-prejudice_437/index.html -> HTTP 200
2026-10-06 15:47:34,896 | DEBUG   | scrapers.base_scraper | GET https://books.toscrape.com/catalogue/musicophilia-tales-of-music-and-the-brain_436/index.html -> HTTP 200
2026-10-06 15:47:36,316 | DEBUG   | scrapers.base_scraper | GET https://books.toscrape.com/catalogue/mere-christianity_435/index.html -> HTTP 200
2026-10-06 15:47:37,756 | DEBUG   | scrapers.base_scraper | GET https://books.toscrape.com/catalogue/me-before-you-me-before-you-1_434/index.html -> HTTP 200
2026-10-06 15:47:39,057 | DEBUG   | scrapers.base_scraper | GET https://books.toscrape.com/catalogue/in-the-woods-dublin-murder-squad-1_433/index.html -> HTTP 200
2026-10-06 15:47:40,271 | DEBUG   | scrapers.base_scraper | GET https://books.toscrape.com/catalogue/in-cold-blood_432/index.html -> HTTP 200
2026-10-06 15:47:41,520 | DEBUG   | scrapers.base_scraper | GET https://books.toscrape.com/catalogue/how-to-stop-worrying-and-start-living_431/index.html -> HTTP 200
2026-10-06 15:47:43,091 | DEBUG   | scrapers.base_scraper | GET https://books.toscrape.com/catalogue/give-it-back_430/index.html -> HTTP 200
2026-10-06 15:47:44,029 | DEBUG   | scrapers.base_scraper | GET https://books.toscrape.com/catalogue/girl-interrupted_429/index.html -> HTTP 200
2026-10-06 15:47:45,250 | DEBUG   | scrapers.base_scraper | GET https://books.toscrape.com/catalogue/fun-home-a-family-tragicomic_428/index.html -> HTTP 200
2026-10-06 15:47:46,506 | DEBUG   | scrapers.base_scraper | GET https://books.toscrape.com/catalogue/fruits-basket-vol-6-fruits-basket-6_427/index.html -> HTTP 200
2026-10-06 15:47:47,779 | DEBUG   | scrapers.base_scraper | GET https://books.toscrape.com/catalogue/deception-point_426/index.html -> HTTP 200
2026-10-06 15:47:49,004 | DEBUG   | scrapers.base_scraper | GET https://books.toscrape.com/catalogue/death-note-vol-6-give-and-take-death-note-6_425/index.html -> HTTP 200
2026-10-06 15:47:50,845 | DEBUG   | scrapers.base_scraper | GET https://books.toscrape.com/catalogue/catherine-the-great-portrait-of-a-woman_424/index.html -> HTTP 200
2026-10-06 15:47:51,734 | DEBUG   | scrapers.base_scraper | GET https://books.toscrape.com/catalogue/better-homes-and-gardens-new-cook-book_423/index.html -> HTTP 200
2026-10-06 15:47:52,669 | DEBUG   | scrapers.base_scraper | GET https://books.toscrape.com/catalogue/an-unquiet-mind-a-memoir-of-moods-and-madness_422/index.html -> HTTP 200
2026-10-06 15:47:53,554 | DEBUG   | scrapers.base_scraper | GET https://books.toscrape.com/catalogue/a-year-in-provence-provence-1_421/index.html -> HTTP 200
2026-10-06 15:47:54,480 | DEBUG   | scrapers.base_scraper | GET https://books.toscrape.com/catalogue/world-without-end-the-pillars-of-the-earth-2_420/index.html -> HTTP 200
2026-10-06 15:47:55,441 | DEBUG   | scrapers.base_scraper | GET https://books.toscrape.com/catalogue/will-grayson-will-grayson-will-grayson-will-grayson_419/index.html -> HTTP 200
2026-10-06 15:47:56,427 | DEBUG   | scrapers.base_scraper | GET https://books.toscrape.com/catalogue/why-save-the-bankers-and-other-essays-on-our-economic-and-political-crisis_418/index.html -> HTTP 200
2026-10-06 15:47:57,850 | DEBUG   | scrapers.base_scraper | GET https://books.toscrape.com/catalogue/where-she-went-if-i-stay-2_417/index.html -> HTTP 200
2026-10-06 15:47:59,222 | DEBUG   | scrapers.base_scraper | GET https://books.toscrape.com/catalogue/what-if-serious-scientific-answers-to-absurd-hypothetical-questions_416/index.html -> HTTP 200
2026-10-06 15:48:00,414 | DEBUG   | scrapers.base_scraper | GET https://books.toscrape.com/catalogue/two-summers_415/index.html -> HTTP 200
2026-10-06 15:48:01,708 | DEBUG   | scrapers.base_scraper | GET https://books.toscrape.com/catalogue/this-is-your-brain-on-music-the-science-of-a-human-obsession_414/index.html -> HTTP 200
2026-10-06 15:48:03,190 | DEBUG   | scrapers.base_scraper | GET https://books.toscrape.com/catalogue/the-secret-garden_413/index.html -> HTTP 200
2026-10-06 15:48:04,856 | DEBUG   | scrapers.base_scraper | GET https://books.toscrape.com/catalogue/the-raven-king-the-raven-cycle-4_412/index.html -> HTTP 200
2026-10-06 15:48:06,085 | DEBUG   | scrapers.base_scraper | GET https://books.toscrape.com/catalogue/the-raven-boys-the-raven-cycle-1_411/index.html -> HTTP 200
2026-10-06 15:48:07,349 | DEBUG   | scrapers.base_scraper | GET https://books.toscrape.com/catalogue/the-power-greens-cookbook-140-delicious-superfood-recipes_410/index.html -> HTTP 200
2026-10-06 15:48:08,760 | DEBUG   | scrapers.base_scraper | GET https://books.toscrape.com/catalogue/the-metamorphosis_409/index.html -> HTTP 200
2026-10-06 15:48:10,297 | DEBUG   | scrapers.base_scraper | GET https://books.toscrape.com/catalogue/the-mathews-men-seven-brothers-and-the-war-against-hitlers-u-boats_408/index.html -> HTTP 200
2026-10-06 15:48:11,564 | DEBUG   | scrapers.base_scraper | GET https://books.toscrape.com/catalogue/the-little-paris-bookshop_407/index.html -> HTTP 200
2026-10-06 15:48:13,168 | DEBUG   | scrapers.base_scraper | GET https://books.toscrape.com/catalogue/the-hiding-place_406/index.html -> HTTP 200
2026-10-06 15:48:14,778 | DEBUG   | scrapers.base_scraper | GET https://books.toscrape.com/catalogue/the-grand-design_405/index.html -> HTTP 200
2026-10-06 15:48:16,052 | DEBUG   | scrapers.base_scraper | GET https://books.toscrape.com/catalogue/the-firm_404/index.html -> HTTP 200
2026-10-06 15:48:17,647 | DEBUG   | scrapers.base_scraper | GET https://books.toscrape.com/catalogue/the-fault-in-our-stars_403/index.html -> HTTP 200
2026-10-06 15:48:18,600 | DEBUG   | scrapers.base_scraper | GET https://books.toscrape.com/catalogue/the-false-prince-the-ascendance-trilogy-1_402/index.html -> HTTP 200
2026-10-06 15:48:19,519 | DEBUG   | scrapers.base_scraper | GET https://books.toscrape.com/catalogue/the-expatriates_401/index.html -> HTTP 200
2026-10-06 15:48:20,045 | INFO    | scrapers.books_scraper | [Books to Scrape] Detail pages: 600/1000
2026-10-06 15:48:20,463 | DEBUG   | scrapers.base_scraper | GET https://books.toscrape.com/catalogue/the-dream-thieves-the-raven-cycle-2_400/index.html -> HTTP 200
2026-10-06 15:48:21,366 | DEBUG   | scrapers.base_scraper | GET https://books.toscrape.com/catalogue/the-darkest-corners_399/index.html -> HTTP 200
2026-10-06 15:48:22,707 | DEBUG   | scrapers.base_scraper | GET https://books.toscrape.com/catalogue/the-crossover_398/index.html -> HTTP 200
2026-10-06 15:48:23,956 | DEBUG   | scrapers.base_scraper | GET https://books.toscrape.com/catalogue/the-5th-wave-the-5th-wave-1_397/index.html -> HTTP 200
2026-10-06 15:48:25,293 | DEBUG   | scrapers.base_scraper | GET https://books.toscrape.com/catalogue/tell-the-wind-and-fire_396/index.html -> HTTP 200
2026-10-06 15:48:26,612 | DEBUG   | scrapers.base_scraper | GET https://books.toscrape.com/catalogue/tell-me-three-things_395/index.html -> HTTP 200
2026-10-06 15:48:27,856 | DEBUG   | scrapers.base_scraper | GET https://books.toscrape.com/catalogue/talking-to-girls-about-duran-duran-one-young-mans-quest-for-true-love-and-a-cooler-haircut_394/index.html -> HTTP 200
2026-10-06 15:48:29,140 | DEBUG   | scrapers.base_scraper | GET https://books.toscrape.com/catalogue/siddhartha_393/index.html -> HTTP 200
2026-10-06 15:48:30,359 | DEBUG   | scrapers.base_scraper | GET https://books.toscrape.com/catalogue/shiver-the-wolves-of-mercy-falls-1_392/index.html -> HTTP 200
2026-10-06 15:48:31,620 | DEBUG   | scrapers.base_scraper | GET https://books.toscrape.com/catalogue/remember-me_391/index.html -> HTTP 200
2026-10-06 15:48:32,851 | DEBUG   | scrapers.base_scraper | GET https://books.toscrape.com/catalogue/red-dragon-hannibal-lecter-1_390/index.html -> HTTP 200
2026-10-06 15:48:34,070 | DEBUG   | scrapers.base_scraper | GET https://books.toscrape.com/catalogue/peak-secrets-from-the-new-science-of-expertise_389/index.html -> HTTP 200
2026-10-06 15:48:35,573 | DEBUG   | scrapers.base_scraper | GET https://books.toscrape.com/catalogue/my-mother-was-nuts_388/index.html -> HTTP 200
2026-10-06 15:48:36,537 | DEBUG   | scrapers.base_scraper | GET https://books.toscrape.com/catalogue/mexican-today-new-and-rediscovered-recipes-for-contemporary-kitchens_387/index.html -> HTTP 200
2026-10-06 15:48:37,490 | DEBUG   | scrapers.base_scraper | GET https://books.toscrape.com/catalogue/maybe-something-beautiful-how-art-transformed-a-neighborhood_386/index.html -> HTTP 200
2026-10-06 15:48:38,464 | DEBUG   | scrapers.base_scraper | GET https://books.toscrape.com/catalogue/lola-and-the-boy-next-door-anna-and-the-french-kiss-2_385/index.html -> HTTP 200
2026-10-06 15:48:39,746 | DEBUG   | scrapers.base_scraper | GET https://books.toscrape.com/catalogue/logan-kade-fallen-crest-high-55_384/index.html -> HTTP 200
2026-10-06 15:48:41,010 | DEBUG   | scrapers.base_scraper | GET https://books.toscrape.com/catalogue/last-one-home-new-beginnings-1_383/index.html -> HTTP 200
2026-10-06 15:48:42,566 | DEBUG   | scrapers.base_scraper | GET https://books.toscrape.com/catalogue/killing-floor-jack-reacher-1_382/index.html -> HTTP 200
2026-10-06 15:48:43,906 | DEBUG   | scrapers.base_scraper | GET https://books.toscrape.com/catalogue/kill-the-boy-band_381/index.html -> HTTP 200
2026-10-06 15:48:45,492 | DEBUG   | scrapers.base_scraper | GET https://books.toscrape.com/catalogue/isla-and-the-happily-ever-after-anna-and-the-french-kiss-3_380/index.html -> HTTP 200
2026-10-06 15:48:46,782 | DEBUG   | scrapers.base_scraper | GET https://books.toscrape.com/catalogue/if-i-stay-if-i-stay-1_379/index.html -> HTTP 200
2026-10-06 15:48:48,090 | DEBUG   | scrapers.base_scraper | GET https://books.toscrape.com/catalogue/i-know-why-the-caged-bird-sings-maya-angelous-autobiography-1_378/index.html -> HTTP 200
2026-10-06 15:48:49,384 | DEBUG   | scrapers.base_scraper | GET https://books.toscrape.com/catalogue/harry-potter-and-the-deathly-hallows-harry-potter-7_377/index.html -> HTTP 200
2026-10-06 15:48:50,668 | DEBUG   | scrapers.base_scraper | GET https://books.toscrape.com/catalogue/fruits-basket-vol-5-fruits-basket-5_376/index.html -> HTTP 200
2026-10-06 15:48:52,161 | DEBUG   | scrapers.base_scraper | GET https://books.toscrape.com/catalogue/foundation-foundation-publication-order-1_375/index.html -> HTTP 200
2026-10-06 15:48:53,212 | DEBUG   | scrapers.base_scraper | GET https://books.toscrape.com/catalogue/fool-me-once_374/index.html -> HTTP 200
2026-10-06 15:48:54,468 | DEBUG   | scrapers.base_scraper | GET https://books.toscrape.com/catalogue/find-her-detective-dd-warren-8_373/index.html -> HTTP 200
2026-10-06 15:48:55,766 | DEBUG   | scrapers.base_scraper | GET https://books.toscrape.com/catalogue/evicted-poverty-and-profit-in-the-american-city_372/index.html -> HTTP 200
2026-10-06 15:48:56,995 | DEBUG   | scrapers.base_scraper | GET https://books.toscrape.com/catalogue/drama_371/index.html -> HTTP 200
2026-10-06 15:48:58,891 | DEBUG   | scrapers.base_scraper | GET https://books.toscrape.com/catalogue/dracula-the-un-dead_370/index.html -> HTTP 200
2026-10-06 15:49:00,145 | DEBUG   | scrapers.base_scraper | GET https://books.toscrape.com/catalogue/digital-fortress_369/index.html -> HTTP 200
2026-10-06 15:49:01,352 | DEBUG   | scrapers.base_scraper | GET https://books.toscrape.com/catalogue/death-note-vol-5-whiteout-death-note-5_368/index.html -> HTTP 200
2026-10-06 15:49:02,575 | DEBUG   | scrapers.base_scraper | GET https://books.toscrape.com/catalogue/data-a-love-story-how-i-gamed-online-dating-to-meet-my-match_367/index.html -> HTTP 200
2026-10-06 15:49:03,786 | DEBUG   | scrapers.base_scraper | GET https://books.toscrape.com/catalogue/critique-of-pure-reason_366/index.html -> HTTP 200
2026-10-06 15:49:05,017 | DEBUG   | scrapers.base_scraper | GET https://books.toscrape.com/catalogue/booked_365/index.html -> HTTP 200
2026-10-06 15:49:06,241 | DEBUG   | scrapers.base_scraper | GET https://books.toscrape.com/catalogue/blue-lily-lily-blue-the-raven-cycle-3_364/index.html -> HTTP 200
2026-10-06 15:49:07,490 | DEBUG   | scrapers.base_scraper | GET https://books.toscrape.com/catalogue/approval-junkie-adventures-in-caring-too-much_363/index.html -> HTTP 200
2026-10-06 15:49:08,699 | DEBUG   | scrapers.base_scraper | GET https://books.toscrape.com/catalogue/an-abundance-of-katherines_362/index.html -> HTTP 200
2026-10-06 15:49:09,870 | DEBUG   | scrapers.base_scraper | GET https://books.toscrape.com/catalogue/americas-war-for-the-greater-middle-east-a-military-history_361/index.html -> HTTP 200
2026-10-06 15:49:11,114 | DEBUG   | scrapers.base_scraper | GET https://books.toscrape.com/catalogue/alight-the-generations-trilogy-2_360/index.html -> HTTP 200
2026-10-06 15:49:12,347 | DEBUG   | scrapers.base_scraper | GET https://books.toscrape.com/catalogue/a-girls-guide-to-moving-on-new-beginnings-2_359/index.html -> HTTP 200
2026-10-06 15:49:13,587 | DEBUG   | scrapers.base_scraper | GET https://books.toscrape.com/catalogue/a-game-of-thrones-a-song-of-ice-and-fire-1_358/index.html -> HTTP 200
2026-10-06 15:49:14,836 | DEBUG   | scrapers.base_scraper | GET https://books.toscrape.com/catalogue/a-feast-for-crows-a-song-of-ice-and-fire-4_357/index.html -> HTTP 200
2026-10-06 15:49:16,175 | DEBUG   | scrapers.base_scraper | GET https://books.toscrape.com/catalogue/a-clash-of-kings-a-song-of-ice-and-fire-2_356/index.html -> HTTP 200
2026-10-06 15:49:17,492 | DEBUG   | scrapers.base_scraper | GET https://books.toscrape.com/catalogue/vogue-colors-a-to-z-a-fashion-coloring-book_355/index.html -> HTTP 200
2026-10-06 15:49:18,710 | DEBUG   | scrapers.base_scraper | GET https://books.toscrape.com/catalogue/the-shining-the-shining-1_354/index.html -> HTTP 200
2026-10-06 15:49:19,900 | DEBUG   | scrapers.base_scraper | GET https://books.toscrape.com/catalogue/the-pilgrims-progress_353/index.html -> HTTP 200
2026-10-06 15:49:21,101 | DEBUG   | scrapers.base_scraper | GET https://books.toscrape.com/catalogue/the-perfect-play-play-by-play-1_352/index.html -> HTTP 200
2026-10-06 15:49:22,581 | DEBUG   | scrapers.base_scraper | GET https://books.toscrape.com/catalogue/the-passion-of-dolssa_351/index.html -> HTTP 200
2026-10-06 15:49:23,578 | DEBUG   | scrapers.base_scraper | GET https://books.toscrape.com/catalogue/the-jazz-of-physics-the-secret-link-between-music-and-the-structure-of-the-universe_350/index.html -> HTTP 200
2026-10-06 15:49:24,532 | DEBUG   | scrapers.base_scraper | GET https://books.toscrape.com/catalogue/the-hunger-games-the-hunger-games-1_349/index.html -> HTTP 200
2026-10-06 15:49:26,129 | DEBUG   | scrapers.base_scraper | GET https://books.toscrape.com/catalogue/the-hound-of-the-baskervilles-sherlock-holmes-5_348/index.html -> HTTP 200
2026-10-06 15:49:27,437 | DEBUG   | scrapers.base_scraper | GET https://books.toscrape.com/catalogue/the-gunning-of-america-business-and-the-making-of-american-gun-culture_347/index.html -> HTTP 200
2026-10-06 15:49:28,687 | DEBUG   | scrapers.base_scraper | GET https://books.toscrape.com/catalogue/the-geography-of-bliss-one-grumps-search-for-the-happiest-places-in-the-world_346/index.html -> HTTP 200
2026-10-06 15:49:29,918 | DEBUG   | scrapers.base_scraper | GET https://books.toscrape.com/catalogue/the-demonists-demonist-1_345/index.html -> HTTP 200
2026-10-06 15:49:31,285 | DEBUG   | scrapers.base_scraper | GET https://books.toscrape.com/catalogue/the-demon-prince-of-momochi-house-vol-4-the-demon-prince-of-momochi-house-4_344/index.html -> HTTP 200
2026-10-06 15:49:32,183 | DEBUG   | scrapers.base_scraper | GET https://books.toscrape.com/catalogue/the-bone-hunters-lexy-vaughan-steven-macaulay-2_343/index.html -> HTTP 200
2026-10-06 15:49:33,052 | DEBUG   | scrapers.base_scraper | GET https://books.toscrape.com/catalogue/the-beast-black-dagger-brotherhood-14_342/index.html -> HTTP 200
2026-10-06 15:49:33,917 | DEBUG   | scrapers.base_scraper | GET https://books.toscrape.com/catalogue/some-women_341/index.html -> HTTP 200
2026-10-06 15:49:34,800 | DEBUG   | scrapers.base_scraper | GET https://books.toscrape.com/catalogue/shopaholic-ties-the-knot-shopaholic-3_340/index.html -> HTTP 200
2026-10-06 15:49:36,070 | DEBUG   | scrapers.base_scraper | GET https://books.toscrape.com/catalogue/paper-and-fire-the-great-library-2_339/index.html -> HTTP 200
2026-10-06 15:49:37,288 | DEBUG   | scrapers.base_scraper | GET https://books.toscrape.com/catalogue/outlander-outlander-1_338/index.html -> HTTP 200
2026-10-06 15:49:38,461 | DEBUG   | scrapers.base_scraper | GET https://books.toscrape.com/catalogue/orchestra-of-exiles-the-story-of-bronislaw-huberman-the-israel-philharmonic-and-the-one-thousand-jews-he-saved-from-nazi-horrors_337/index.html -> HTTP 200
2026-10-06 15:49:39,722 | DEBUG   | scrapers.base_scraper | GET https://books.toscrape.com/catalogue/no-one-here-gets-out-alive_336/index.html -> HTTP 200
2026-10-06 15:49:41,231 | DEBUG   | scrapers.base_scraper | GET https://books.toscrape.com/catalogue/night-shift-night-shift-1-20_335/index.html -> HTTP 200
2026-10-06 15:49:42,465 | DEBUG   | scrapers.base_scraper | GET https://books.toscrape.com/catalogue/needful-things_334/index.html -> HTTP 200
2026-10-06 15:49:43,688 | DEBUG   | scrapers.base_scraper | GET https://books.toscrape.com/catalogue/mockingjay-the-hunger-games-3_333/index.html -> HTTP 200
2026-10-06 15:49:44,942 | DEBUG   | scrapers.base_scraper | GET https://books.toscrape.com/catalogue/misery_332/index.html -> HTTP 200
2026-10-06 15:49:46,143 | DEBUG   | scrapers.base_scraper | GET https://books.toscrape.com/catalogue/little-women-little-women-1_331/index.html -> HTTP 200
2026-10-06 15:49:47,576 | DEBUG   | scrapers.base_scraper | GET https://books.toscrape.com/catalogue/it_330/index.html -> HTTP 200
2026-10-06 15:49:48,827 | DEBUG   | scrapers.base_scraper | GET https://books.toscrape.com/catalogue/harry-potter-and-the-sorcerers-stone-harry-potter-1_329/index.html -> HTTP 200
2026-10-06 15:49:50,002 | DEBUG   | scrapers.base_scraper | GET https://books.toscrape.com/catalogue/harry-potter-and-the-prisoner-of-azkaban-harry-potter-3_328/index.html -> HTTP 200
2026-10-06 15:49:51,422 | DEBUG   | scrapers.base_scraper | GET https://books.toscrape.com/catalogue/harry-potter-and-the-order-of-the-phoenix-harry-potter-5_327/index.html -> HTTP 200
2026-10-06 15:49:52,641 | DEBUG   | scrapers.base_scraper | GET https://books.toscrape.com/catalogue/harry-potter-and-the-half-blood-prince-harry-potter-6_326/index.html -> HTTP 200
2026-10-06 15:49:53,990 | DEBUG   | scrapers.base_scraper | GET https://books.toscrape.com/catalogue/harry-potter-and-the-chamber-of-secrets-harry-potter-2_325/index.html -> HTTP 200
2026-10-06 15:49:55,216 | DEBUG   | scrapers.base_scraper | GET https://books.toscrape.com/catalogue/gone-with-the-wind_324/index.html -> HTTP 200
2026-10-06 15:49:56,406 | DEBUG   | scrapers.base_scraper | GET https://books.toscrape.com/catalogue/god-is-not-great-how-religion-poisons-everything_323/index.html -> HTTP 200
2026-10-06 15:49:57,606 | DEBUG   | scrapers.base_scraper | GET https://books.toscrape.com/catalogue/girl-with-a-pearl-earring_322/index.html -> HTTP 200
2026-10-06 15:49:58,884 | DEBUG   | scrapers.base_scraper | GET https://books.toscrape.com/catalogue/fruits-basket-vol-4-fruits-basket-4_321/index.html -> HTTP 200
2026-10-06 15:50:00,072 | DEBUG   | scrapers.base_scraper | GET https://books.toscrape.com/catalogue/far-from-true-promise-falls-trilogy-2_320/index.html -> HTTP 200
2026-10-06 15:50:01,261 | DEBUG   | scrapers.base_scraper | GET https://books.toscrape.com/catalogue/dark-lover-black-dagger-brotherhood-1_319/index.html -> HTTP 200
2026-10-06 15:50:02,464 | DEBUG   | scrapers.base_scraper | GET https://books.toscrape.com/catalogue/confessions-of-a-shopaholic-shopaholic-1_318/index.html -> HTTP 200
2026-10-06 15:50:03,692 | DEBUG   | scrapers.base_scraper | GET https://books.toscrape.com/catalogue/changing-the-game-play-by-play-2_317/index.html -> HTTP 200
2026-10-06 15:50:04,897 | DEBUG   | scrapers.base_scraper | GET https://books.toscrape.com/catalogue/candide_316/index.html -> HTTP 200
2026-10-06 15:50:06,311 | DEBUG   | scrapers.base_scraper | GET https://books.toscrape.com/catalogue/can-you-keep-a-secret_315/index.html -> HTTP 200
2026-10-06 15:50:07,540 | DEBUG   | scrapers.base_scraper | GET https://books.toscrape.com/catalogue/atlas-shrugged_314/index.html -> HTTP 200
2026-10-06 15:50:08,821 | DEBUG   | scrapers.base_scraper | GET https://books.toscrape.com/catalogue/animal-farm_313/index.html -> HTTP 200
2026-10-06 15:50:10,004 | DEBUG   | scrapers.base_scraper | GET https://books.toscrape.com/catalogue/a-walk-to-remember_312/index.html -> HTTP 200
2026-10-06 15:50:11,225 | DEBUG   | scrapers.base_scraper | GET https://books.toscrape.com/catalogue/a-new-earth-awakening-to-your-lifes-purpose_311/index.html -> HTTP 200
2026-10-06 15:50:12,421 | DEBUG   | scrapers.base_scraper | GET https://books.toscrape.com/catalogue/a-history-of-god-the-4000-year-quest-of-judaism-christianity-and-islam_310/index.html -> HTTP 200
2026-10-06 15:50:13,719 | DEBUG   | scrapers.base_scraper | GET https://books.toscrape.com/catalogue/salems-lot_309/index.html -> HTTP 200
2026-10-06 15:50:15,020 | DEBUG   | scrapers.base_scraper | GET https://books.toscrape.com/catalogue/zero-history-blue-ant-3_308/index.html -> HTTP 200
2026-10-06 15:50:16,299 | DEBUG   | scrapers.base_scraper | GET https://books.toscrape.com/catalogue/wuthering-heights_307/index.html -> HTTP 200
2026-10-06 15:50:17,527 | DEBUG   | scrapers.base_scraper | GET https://books.toscrape.com/catalogue/world-war-z-an-oral-history-of-the-zombie-war_306/index.html -> HTTP 200
2026-10-06 15:50:18,958 | DEBUG   | scrapers.base_scraper | GET https://books.toscrape.com/catalogue/wild-from-lost-to-found-on-the-pacific-crest-trail_305/index.html -> HTTP 200
2026-10-06 15:50:20,228 | DEBUG   | scrapers.base_scraper | GET https://books.toscrape.com/catalogue/whered-you-go-bernadette_304/index.html -> HTTP 200
2026-10-06 15:50:21,460 | DEBUG   | scrapers.base_scraper | GET https://books.toscrape.com/catalogue/when-you-are-engulfed-in-flames_303/index.html -> HTTP 200
2026-10-06 15:50:22,702 | DEBUG   | scrapers.base_scraper | GET https://books.toscrape.com/catalogue/we-the-people-the-modern-day-figures-who-have-reshaped-and-affirmed-the-founding-fathers-vision-of-america_302/index.html -> HTTP 200
2026-10-06 15:50:23,911 | DEBUG   | scrapers.base_scraper | GET https://books.toscrape.com/catalogue/we-are-all-completely-beside-ourselves_301/index.html -> HTTP 200
2026-10-06 15:50:24,426 | INFO    | scrapers.books_scraper | [Books to Scrape] Detail pages: 700/1000
2026-10-06 15:50:25,166 | DEBUG   | scrapers.base_scraper | GET https://books.toscrape.com/catalogue/walk-the-edge-thunder-road-2_300/index.html -> HTTP 200
2026-10-06 15:50:26,392 | DEBUG   | scrapers.base_scraper | GET https://books.toscrape.com/catalogue/voyager-outlander-3_299/index.html -> HTTP 200
2026-10-06 15:50:27,622 | DEBUG   | scrapers.base_scraper | GET https://books.toscrape.com/catalogue/very-good-lives-the-fringe-benefits-of-failure-and-the-importance-of-imagination_298/index.html -> HTTP 200
2026-10-06 15:50:28,899 | DEBUG   | scrapers.base_scraper | GET https://books.toscrape.com/catalogue/vegan-vegetarian-omnivore-dinner-for-everyone-at-the-table_297/index.html -> HTTP 200
2026-10-06 15:50:30,166 | DEBUG   | scrapers.base_scraper | GET https://books.toscrape.com/catalogue/unstuffed-decluttering-your-home-mind-and-soul_296/index.html -> HTTP 200
2026-10-06 15:50:31,385 | DEBUG   | scrapers.base_scraper | GET https://books.toscrape.com/catalogue/under-the-banner-of-heaven-a-story-of-violent-faith_295/index.html -> HTTP 200
2026-10-06 15:50:32,623 | DEBUG   | scrapers.base_scraper | GET https://books.toscrape.com/catalogue/two-boys-kissing_294/index.html -> HTTP 200
2026-10-06 15:50:33,997 | DEBUG   | scrapers.base_scraper | GET https://books.toscrape.com/catalogue/twilight-twilight-1_293/index.html -> HTTP 200
2026-10-06 15:50:35,503 | DEBUG   | scrapers.base_scraper | GET https://books.toscrape.com/catalogue/twenties-girl_292/index.html -> HTTP 200
2026-10-06 15:50:36,822 | DEBUG   | scrapers.base_scraper | GET https://books.toscrape.com/catalogue/trespassing-across-america-one-mans-epic-never-done-before-and-sort-of-illegal-hike-across-the-heartland_291/index.html -> HTTP 200
2026-10-06 15:50:38,202 | DEBUG   | scrapers.base_scraper | GET https://books.toscrape.com/catalogue/three-martini-lunch_290/index.html -> HTTP 200
2026-10-06 15:50:39,631 | DEBUG   | scrapers.base_scraper | GET https://books.toscrape.com/catalogue/thinking-fast-and-slow_289/index.html -> HTTP 200
2026-10-06 15:50:40,915 | DEBUG   | scrapers.base_scraper | GET https://books.toscrape.com/catalogue/the-wild-robot_288/index.html -> HTTP 200
2026-10-06 15:50:41,827 | DEBUG   | scrapers.base_scraper | GET https://books.toscrape.com/catalogue/the-wicked-the-divine-vol-3-commercial-suicide-the-wicked-the-divine_287/index.html -> HTTP 200
2026-10-06 15:50:42,716 | DEBUG   | scrapers.base_scraper | GET https://books.toscrape.com/catalogue/the-undomestic-goddess_286/index.html -> HTTP 200
2026-10-06 15:50:43,697 | DEBUG   | scrapers.base_scraper | GET https://books.toscrape.com/catalogue/the-travelers_285/index.html -> HTTP 200
2026-10-06 15:50:44,653 | DEBUG   | scrapers.base_scraper | GET https://books.toscrape.com/catalogue/the-tipping-point-how-little-things-can-make-a-big-difference_284/index.html -> HTTP 200
2026-10-06 15:50:46,160 | DEBUG   | scrapers.base_scraper | GET https://books.toscrape.com/catalogue/the-thing-about-jellyfish_283/index.html -> HTTP 200
2026-10-06 15:50:47,075 | DEBUG   | scrapers.base_scraper | GET https://books.toscrape.com/catalogue/the-stand_282/index.html -> HTTP 200
2026-10-06 15:50:48,342 | DEBUG   | scrapers.base_scraper | GET https://books.toscrape.com/catalogue/the-smitten-kitchen-cookbook_281/index.html -> HTTP 200
2026-10-06 15:50:49,603 | DEBUG   | scrapers.base_scraper | GET https://books.toscrape.com/catalogue/the-silkworm-cormoran-strike-2_280/index.html -> HTTP 200
2026-10-06 15:50:50,802 | DEBUG   | scrapers.base_scraper | GET https://books.toscrape.com/catalogue/the-sandman-vol-3-dream-country-the-sandman-volumes-3_279/index.html -> HTTP 200
2026-10-06 15:50:52,112 | DEBUG   | scrapers.base_scraper | GET https://books.toscrape.com/catalogue/the-rose-the-dagger-the-wrath-and-the-dawn-2_278/index.html -> HTTP 200
2026-10-06 15:50:53,326 | DEBUG   | scrapers.base_scraper | GET https://books.toscrape.com/catalogue/the-road-to-little-dribbling-adventures-of-an-american-in-britain-notes-from-a-small-island-2_277/index.html -> HTTP 200
2026-10-06 15:50:54,607 | DEBUG   | scrapers.base_scraper | GET https://books.toscrape.com/catalogue/the-rise-of-theodore-roosevelt-theodore-roosevelt-1_276/index.html -> HTTP 200
2026-10-06 15:50:55,896 | DEBUG   | scrapers.base_scraper | GET https://books.toscrape.com/catalogue/the-restaurant-at-the-end-of-the-universe-hitchhikers-guide-to-the-galaxy-2_275/index.html -> HTTP 200
2026-10-06 15:50:57,201 | DEBUG   | scrapers.base_scraper | GET https://books.toscrape.com/catalogue/the-rest-is-noise-listening-to-the-twentieth-century_274/index.html -> HTTP 200
2026-10-06 15:50:58,491 | DEBUG   | scrapers.base_scraper | GET https://books.toscrape.com/catalogue/the-red-tent_273/index.html -> HTTP 200
2026-10-06 15:50:59,722 | DEBUG   | scrapers.base_scraper | GET https://books.toscrape.com/catalogue/the-purpose-driven-life-what-on-earth-am-i-here-for_272/index.html -> HTTP 200
2026-10-06 15:51:00,924 | DEBUG   | scrapers.base_scraper | GET https://books.toscrape.com/catalogue/the-purest-hook-second-circle-tattoos-3_271/index.html -> HTTP 200
2026-10-06 15:51:02,156 | DEBUG   | scrapers.base_scraper | GET https://books.toscrape.com/catalogue/the-picture-of-dorian-gray_270/index.html -> HTTP 200
2026-10-06 15:51:03,413 | DEBUG   | scrapers.base_scraper | GET https://books.toscrape.com/catalogue/the-paris-wife_269/index.html -> HTTP 200
2026-10-06 15:51:04,711 | DEBUG   | scrapers.base_scraper | GET https://books.toscrape.com/catalogue/the-obsession_268/index.html -> HTTP 200
2026-10-06 15:51:06,020 | DEBUG   | scrapers.base_scraper | GET https://books.toscrape.com/catalogue/the-nightingale_267/index.html -> HTTP 200
2026-10-06 15:51:07,293 | DEBUG   | scrapers.base_scraper | GET https://books.toscrape.com/catalogue/the-new-guy-and-other-senior-year-distractions_266/index.html -> HTTP 200
2026-10-06 15:51:08,604 | DEBUG   | scrapers.base_scraper | GET https://books.toscrape.com/catalogue/the-nanny-diaries-nanny-1_265/index.html -> HTTP 200
2026-10-06 15:51:09,899 | DEBUG   | scrapers.base_scraper | GET https://books.toscrape.com/catalogue/the-name-of-god-is-mercy_264/index.html -> HTTP 200
2026-10-06 15:51:11,173 | DEBUG   | scrapers.base_scraper | GET https://books.toscrape.com/catalogue/the-maze-runner-the-maze-runner-1_263/index.html -> HTTP 200
2026-10-06 15:51:12,392 | DEBUG   | scrapers.base_scraper | GET https://books.toscrape.com/catalogue/the-lovers-dictionary_262/index.html -> HTTP 200
2026-10-06 15:51:13,650 | DEBUG   | scrapers.base_scraper | GET https://books.toscrape.com/catalogue/the-lonely-ones_261/index.html -> HTTP 200
2026-10-06 15:51:14,949 | DEBUG   | scrapers.base_scraper | GET https://books.toscrape.com/catalogue/the-lean-startup-how-todays-entrepreneurs-use-continuous-innovation-to-create-radically-successful-businesses_260/index.html -> HTTP 200
2026-10-06 15:51:16,130 | DEBUG   | scrapers.base_scraper | GET https://books.toscrape.com/catalogue/the-last-painting-of-sara-de-vos_259/index.html -> HTTP 200
2026-10-06 15:51:17,372 | DEBUG   | scrapers.base_scraper | GET https://books.toscrape.com/catalogue/the-land-of-10000-madonnas_258/index.html -> HTTP 200
2026-10-06 15:51:18,771 | DEBUG   | scrapers.base_scraper | GET https://books.toscrape.com/catalogue/the-infinities_257/index.html -> HTTP 200
2026-10-06 15:51:20,135 | DEBUG   | scrapers.base_scraper | GET https://books.toscrape.com/catalogue/the-husbands-secret_256/index.html -> HTTP 200
2026-10-06 15:51:21,435 | DEBUG   | scrapers.base_scraper | GET https://books.toscrape.com/catalogue/the-hitchhikers-guide-to-the-galaxy-hitchhikers-guide-to-the-galaxy-1_255/index.html -> HTTP 200
2026-10-06 15:51:22,959 | DEBUG   | scrapers.base_scraper | GET https://books.toscrape.com/catalogue/the-guns-of-august_254/index.html -> HTTP 200
2026-10-06 15:51:23,893 | DEBUG   | scrapers.base_scraper | GET https://books.toscrape.com/catalogue/the-guernsey-literary-and-potato-peel-pie-society_253/index.html -> HTTP 200
2026-10-06 15:51:25,189 | DEBUG   | scrapers.base_scraper | GET https://books.toscrape.com/catalogue/the-goldfinch_252/index.html -> HTTP 200
2026-10-06 15:51:26,468 | DEBUG   | scrapers.base_scraper | GET https://books.toscrape.com/catalogue/the-giver-the-giver-quartet-1_251/index.html -> HTTP 200
2026-10-06 15:51:27,795 | DEBUG   | scrapers.base_scraper | GET https://books.toscrape.com/catalogue/the-girl-with-all-the-gifts_250/index.html -> HTTP 200
2026-10-06 15:51:29,096 | DEBUG   | scrapers.base_scraper | GET https://books.toscrape.com/catalogue/the-girl-who-played-with-fire-millennium-trilogy-2_249/index.html -> HTTP 200
2026-10-06 15:51:30,499 | DEBUG   | scrapers.base_scraper | GET https://books.toscrape.com/catalogue/the-girl-who-kicked-the-hornets-nest-millennium-trilogy-3_248/index.html -> HTTP 200
2026-10-06 15:51:31,711 | DEBUG   | scrapers.base_scraper | GET https://books.toscrape.com/catalogue/the-exiled_247/index.html -> HTTP 200
2026-10-06 15:51:32,999 | DEBUG   | scrapers.base_scraper | GET https://books.toscrape.com/catalogue/the-end-of-faith-religion-terror-and-the-future-of-reason_246/index.html -> HTTP 200
2026-10-06 15:51:34,393 | DEBUG   | scrapers.base_scraper | GET https://books.toscrape.com/catalogue/the-elegant-universe-superstrings-hidden-dimensions-and-the-quest-for-the-ultimate-theory_245/index.html -> HTTP 200
2026-10-06 15:51:35,689 | DEBUG   | scrapers.base_scraper | GET https://books.toscrape.com/catalogue/the-disappearing-spoon-and-other-true-tales-of-madness-love-and-the-history-of-the-world-from-the-periodic-table-of-the-elements_244/index.html -> HTTP 200
2026-10-06 15:51:37,057 | DEBUG   | scrapers.base_scraper | GET https://books.toscrape.com/catalogue/the-devil-wears-prada-the-devil-wears-prada-1_243/index.html -> HTTP 200
2026-10-06 15:51:38,619 | DEBUG   | scrapers.base_scraper | GET https://books.toscrape.com/catalogue/the-demon-haunted-world-science-as-a-candle-in-the-dark_242/index.html -> HTTP 200
2026-10-06 15:51:39,538 | DEBUG   | scrapers.base_scraper | GET https://books.toscrape.com/catalogue/the-day-the-crayons-came-home-crayons_241/index.html -> HTTP 200
2026-10-06 15:51:40,504 | DEBUG   | scrapers.base_scraper | GET https://books.toscrape.com/catalogue/the-da-vinci-code-robert-langdon-2_240/index.html -> HTTP 200
2026-10-06 15:51:41,415 | DEBUG   | scrapers.base_scraper | GET https://books.toscrape.com/catalogue/the-cuckoos-calling-cormoran-strike-1_239/index.html -> HTTP 200
2026-10-06 15:51:42,686 | DEBUG   | scrapers.base_scraper | GET https://books.toscrape.com/catalogue/the-complete-stories-and-poems-the-works-of-edgar-allan-poe-cameo-edition_238/index.html -> HTTP 200
2026-10-06 15:51:44,272 | DEBUG   | scrapers.base_scraper | GET https://books.toscrape.com/catalogue/the-complete-poems_237/index.html -> HTTP 200
2026-10-06 15:51:45,636 | DEBUG   | scrapers.base_scraper | GET https://books.toscrape.com/catalogue/the-catcher-in-the-rye_236/index.html -> HTTP 200
2026-10-06 15:51:46,908 | DEBUG   | scrapers.base_scraper | GET https://books.toscrape.com/catalogue/the-cat-in-the-hat-beginner-books-b-1_235/index.html -> HTTP 200
2026-10-06 15:51:48,219 | DEBUG   | scrapers.base_scraper | GET https://books.toscrape.com/catalogue/the-case-for-christ-cases-for-christianity_234/index.html -> HTTP 200
2026-10-06 15:51:49,583 | DEBUG   | scrapers.base_scraper | GET https://books.toscrape.com/catalogue/the-book-thief_233/index.html -> HTTP 200
2026-10-06 15:51:51,151 | DEBUG   | scrapers.base_scraper | GET https://books.toscrape.com/catalogue/the-book-of-basketball-the-nba-according-to-the-sports-guy_232/index.html -> HTTP 200
2026-10-06 15:51:52,093 | DEBUG   | scrapers.base_scraper | GET https://books.toscrape.com/catalogue/the-blind-side-evolution-of-a-game_231/index.html -> HTTP 200
2026-10-06 15:51:53,008 | DEBUG   | scrapers.base_scraper | GET https://books.toscrape.com/catalogue/the-autobiography-of-malcolm-x_230/index.html -> HTTP 200
2026-10-06 15:51:54,317 | DEBUG   | scrapers.base_scraper | GET https://books.toscrape.com/catalogue/the-art-of-simple-food-notes-lessons-and-recipes-from-a-delicious-revolution_229/index.html -> HTTP 200
2026-10-06 15:51:55,584 | DEBUG   | scrapers.base_scraper | GET https://books.toscrape.com/catalogue/the-art-of-fielding_228/index.html -> HTTP 200
2026-10-06 15:51:56,815 | DEBUG   | scrapers.base_scraper | GET https://books.toscrape.com/catalogue/surely-youre-joking-mr-feynman-adventures-of-a-curious-character_227/index.html -> HTTP 200
2026-10-06 15:51:58,035 | DEBUG   | scrapers.base_scraper | GET https://books.toscrape.com/catalogue/stiff-the-curious-lives-of-human-cadavers_226/index.html -> HTTP 200
2026-10-06 15:51:59,277 | DEBUG   | scrapers.base_scraper | GET https://books.toscrape.com/catalogue/spilled-milk-based-on-a-true-story_225/index.html -> HTTP 200
2026-10-06 15:52:00,534 | DEBUG   | scrapers.base_scraper | GET https://books.toscrape.com/catalogue/something-borrowed-darcy-rachel-1_224/index.html -> HTTP 200
2026-10-06 15:52:02,123 | DEBUG   | scrapers.base_scraper | GET https://books.toscrape.com/catalogue/something-blue-darcy-rachel-2_223/index.html -> HTTP 200
2026-10-06 15:52:03,584 | DEBUG   | scrapers.base_scraper | GET https://books.toscrape.com/catalogue/soldier-talon-3_222/index.html -> HTTP 200
2026-10-06 15:52:04,898 | DEBUG   | scrapers.base_scraper | GET https://books.toscrape.com/catalogue/shopaholic-baby-shopaholic-5_221/index.html -> HTTP 200
2026-10-06 15:52:06,134 | DEBUG   | scrapers.base_scraper | GET https://books.toscrape.com/catalogue/seven-days-in-the-art-world_220/index.html -> HTTP 200
2026-10-06 15:52:07,333 | DEBUG   | scrapers.base_scraper | GET https://books.toscrape.com/catalogue/seven-brief-lessons-on-physics_219/index.html -> HTTP 200
2026-10-06 15:52:08,532 | DEBUG   | scrapers.base_scraper | GET https://books.toscrape.com/catalogue/scarlet-the-lunar-chronicles-2_218/index.html -> HTTP 200
2026-10-06 15:52:09,751 | DEBUG   | scrapers.base_scraper | GET https://books.toscrape.com/catalogue/sarahs-key_217/index.html -> HTTP 200
2026-10-06 15:52:11,256 | DEBUG   | scrapers.base_scraper | GET https://books.toscrape.com/catalogue/saga-volume-3-saga-collected-editions-3_216/index.html -> HTTP 200
2026-10-06 15:52:12,193 | DEBUG   | scrapers.base_scraper | GET https://books.toscrape.com/catalogue/running-with-scissors_215/index.html -> HTTP 200
2026-10-06 15:52:13,154 | DEBUG   | scrapers.base_scraper | GET https://books.toscrape.com/catalogue/rogue-lawyer-rogue-lawyer-1_214/index.html -> HTTP 200
2026-10-06 15:52:14,022 | DEBUG   | scrapers.base_scraper | GET https://books.toscrape.com/catalogue/rise-of-the-rocket-girls-the-women-who-propelled-us-from-missiles-to-the-moon-to-mars_213/index.html -> HTTP 200
2026-10-06 15:52:14,921 | DEBUG   | scrapers.base_scraper | GET https://books.toscrape.com/catalogue/rework_212/index.html -> HTTP 200
2026-10-06 15:52:16,109 | DEBUG   | scrapers.base_scraper | GET https://books.toscrape.com/catalogue/reservations-for-two_211/index.html -> HTTP 200
2026-10-06 15:52:17,614 | DEBUG   | scrapers.base_scraper | GET https://books.toscrape.com/catalogue/red-the-true-story-of-red-riding-hood_210/index.html -> HTTP 200
2026-10-06 15:52:18,830 | DEBUG   | scrapers.base_scraper | GET https://books.toscrape.com/catalogue/ready-player-one_209/index.html -> HTTP 200
2026-10-06 15:52:20,026 | DEBUG   | scrapers.base_scraper | GET https://books.toscrape.com/catalogue/quiet-the-power-of-introverts-in-a-world-that-cant-stop-talking_208/index.html -> HTTP 200
2026-10-06 15:52:21,270 | DEBUG   | scrapers.base_scraper | GET https://books.toscrape.com/catalogue/prodigy-the-graphic-novel-legend-the-graphic-novel-2_207/index.html -> HTTP 200
2026-10-06 15:52:22,524 | DEBUG   | scrapers.base_scraper | GET https://books.toscrape.com/catalogue/persepolis-the-story-of-a-childhood-persepolis-1-2_206/index.html -> HTTP 200
2026-10-06 15:52:23,735 | DEBUG   | scrapers.base_scraper | GET https://books.toscrape.com/catalogue/packing-for-mars-the-curious-science-of-life-in-the-void_205/index.html -> HTTP 200
2026-10-06 15:52:24,993 | DEBUG   | scrapers.base_scraper | GET https://books.toscrape.com/catalogue/outliers-the-story-of-success_204/index.html -> HTTP 200
2026-10-06 15:52:26,215 | DEBUG   | scrapers.base_scraper | GET https://books.toscrape.com/catalogue/original-fake_203/index.html -> HTTP 200
2026-10-06 15:52:27,406 | DEBUG   | scrapers.base_scraper | GET https://books.toscrape.com/catalogue/orange-is-the-new-black_202/index.html -> HTTP 200
2026-10-06 15:52:28,636 | DEBUG   | scrapers.base_scraper | GET https://books.toscrape.com/catalogue/one-for-the-money-stephanie-plum-1_201/index.html -> HTTP 200
2026-10-06 15:52:29,146 | INFO    | scrapers.books_scraper | [Books to Scrape] Detail pages: 800/1000
2026-10-06 15:52:29,863 | DEBUG   | scrapers.base_scraper | GET https://books.toscrape.com/catalogue/notes-from-a-small-island-notes-from-a-small-island-1_200/index.html -> HTTP 200
2026-10-06 15:52:31,069 | DEBUG   | scrapers.base_scraper | GET https://books.toscrape.com/catalogue/night-the-night-trilogy-1_199/index.html -> HTTP 200
2026-10-06 15:52:32,321 | DEBUG   | scrapers.base_scraper | GET https://books.toscrape.com/catalogue/neither-here-nor-there-travels-in-europe_198/index.html -> HTTP 200
2026-10-06 15:52:33,557 | DEBUG   | scrapers.base_scraper | GET https://books.toscrape.com/catalogue/naked_197/index.html -> HTTP 200
2026-10-06 15:52:34,806 | DEBUG   | scrapers.base_scraper | GET https://books.toscrape.com/catalogue/morning-star-red-rising-3_196/index.html -> HTTP 200
2026-10-06 15:52:36,021 | DEBUG   | scrapers.base_scraper | GET https://books.toscrape.com/catalogue/miracles-from-heaven-a-little-girl-her-journey-to-heaven-and-her-amazing-story-of-healing_195/index.html -> HTTP 200
2026-10-06 15:52:37,358 | DEBUG   | scrapers.base_scraper | GET https://books.toscrape.com/catalogue/midnight-riot-peter-grant-rivers-of-london-books-1_194/index.html -> HTTP 200
2026-10-06 15:52:38,898 | DEBUG   | scrapers.base_scraper | GET https://books.toscrape.com/catalogue/me-talk-pretty-one-day_193/index.html -> HTTP 200
2026-10-06 15:52:40,141 | DEBUG   | scrapers.base_scraper | GET https://books.toscrape.com/catalogue/manuscript-found-in-accra_192/index.html -> HTTP 200
2026-10-06 15:52:41,591 | DEBUG   | scrapers.base_scraper | GET https://books.toscrape.com/catalogue/lust-wonder_191/index.html -> HTTP 200
2026-10-06 15:52:42,938 | DEBUG   | scrapers.base_scraper | GET https://books.toscrape.com/catalogue/lila-gilead-3_190/index.html -> HTTP 200
2026-10-06 15:52:44,216 | DEBUG   | scrapers.base_scraper | GET https://books.toscrape.com/catalogue/life-the-universe-and-everything-hitchhikers-guide-to-the-galaxy-3_189/index.html -> HTTP 200
2026-10-06 15:52:45,456 | DEBUG   | scrapers.base_scraper | GET https://books.toscrape.com/catalogue/life-without-a-recipe_188/index.html -> HTTP 200
2026-10-06 15:52:46,675 | DEBUG   | scrapers.base_scraper | GET https://books.toscrape.com/catalogue/life-after-life_187/index.html -> HTTP 200
2026-10-06 15:52:47,999 | DEBUG   | scrapers.base_scraper | GET https://books.toscrape.com/catalogue/letter-to-a-christian-nation_186/index.html -> HTTP 200
2026-10-06 15:52:49,271 | DEBUG   | scrapers.base_scraper | GET https://books.toscrape.com/catalogue/lets-pretend-this-never-happened-a-mostly-true-memoir_185/index.html -> HTTP 200
2026-10-06 15:52:50,676 | DEBUG   | scrapers.base_scraper | GET https://books.toscrape.com/catalogue/legend-legend-1_184/index.html -> HTTP 200
2026-10-06 15:52:52,527 | DEBUG   | scrapers.base_scraper | GET https://books.toscrape.com/catalogue/lean-in-women-work-and-the-will-to-lead_183/index.html -> HTTP 200
2026-10-06 15:52:53,771 | DEBUG   | scrapers.base_scraper | GET https://books.toscrape.com/catalogue/lamb-the-gospel-according-to-biff-christs-childhood-pal_182/index.html -> HTTP 200
2026-10-06 15:52:54,724 | DEBUG   | scrapers.base_scraper | GET https://books.toscrape.com/catalogue/lady-renegades-rebel-belle-3_181/index.html -> HTTP 200
2026-10-06 15:52:56,500 | DEBUG   | scrapers.base_scraper | GET https://books.toscrape.com/catalogue/jurassic-park-jurassic-park-1_180/index.html -> HTTP 200
2026-10-06 15:52:57,432 | DEBUG   | scrapers.base_scraper | GET https://books.toscrape.com/catalogue/its-never-too-late-to-begin-again-discovering-creativity-and-meaning-at-midlife-and-beyond_179/index.html -> HTTP 200
2026-10-06 15:52:58,366 | DEBUG   | scrapers.base_scraper | GET https://books.toscrape.com/catalogue/is-everyone-hanging-out-without-me-and-other-concerns_178/index.html -> HTTP 200
2026-10-06 15:52:59,280 | DEBUG   | scrapers.base_scraper | GET https://books.toscrape.com/catalogue/into-the-wild_177/index.html -> HTTP 200
2026-10-06 15:53:00,174 | DEBUG   | scrapers.base_scraper | GET https://books.toscrape.com/catalogue/inferno-robert-langdon-4_176/index.html -> HTTP 200
2026-10-06 15:53:01,096 | DEBUG   | scrapers.base_scraper | GET https://books.toscrape.com/catalogue/in-the-garden-of-beasts-love-terror-and-an-american-family-in-hitlers-berlin_175/index.html -> HTTP 200
2026-10-06 15:53:02,472 | DEBUG   | scrapers.base_scraper | GET https://books.toscrape.com/catalogue/if-i-run-if-i-run-1_174/index.html -> HTTP 200
2026-10-06 15:53:03,911 | DEBUG   | scrapers.base_scraper | GET https://books.toscrape.com/catalogue/ive-got-your-number_173/index.html -> HTTP 200
2026-10-06 15:53:05,399 | DEBUG   | scrapers.base_scraper | GET https://books.toscrape.com/catalogue/i-am-malala-the-girl-who-stood-up-for-education-and-was-shot-by-the-taliban_172/index.html -> HTTP 200
2026-10-06 15:53:07,259 | DEBUG   | scrapers.base_scraper | GET https://books.toscrape.com/catalogue/hungry-girl-clean-hungry-easy-all-natural-recipes-for-healthy-eating-in-the-real-world_171/index.html -> HTTP 200
2026-10-06 15:53:08,557 | DEBUG   | scrapers.base_scraper | GET https://books.toscrape.com/catalogue/house-of-lost-worlds-dinosaurs-dynasties-and-the-story-of-life-on-earth_170/index.html -> HTTP 200
2026-10-06 15:53:09,981 | DEBUG   | scrapers.base_scraper | GET https://books.toscrape.com/catalogue/house-of-leaves_169/index.html -> HTTP 200
2026-10-06 15:53:11,235 | DEBUG   | scrapers.base_scraper | GET https://books.toscrape.com/catalogue/horrible-bear_168/index.html -> HTTP 200
2026-10-06 15:53:12,729 | DEBUG   | scrapers.base_scraper | GET https://books.toscrape.com/catalogue/holidays-on-ice_167/index.html -> HTTP 200
2026-10-06 15:53:14,037 | DEBUG   | scrapers.base_scraper | GET https://books.toscrape.com/catalogue/heir-to-the-sky_166/index.html -> HTTP 200
2026-10-06 15:53:15,588 | DEBUG   | scrapers.base_scraper | GET https://books.toscrape.com/catalogue/green-eggs-and-ham-beginner-books-b-16_165/index.html -> HTTP 200
2026-10-06 15:53:16,852 | DEBUG   | scrapers.base_scraper | GET https://books.toscrape.com/catalogue/grayson-vol-3-nemesis-grayson-3_164/index.html -> HTTP 200
2026-10-06 15:53:18,209 | DEBUG   | scrapers.base_scraper | GET https://books.toscrape.com/catalogue/gratitude_163/index.html -> HTTP 200
2026-10-06 15:53:19,563 | DEBUG   | scrapers.base_scraper | GET https://books.toscrape.com/catalogue/gone-girl_162/index.html -> HTTP 200
2026-10-06 15:53:21,911 | DEBUG   | scrapers.base_scraper | GET https://books.toscrape.com/catalogue/golden-heart-of-dread-3_161/index.html -> HTTP 200
2026-10-06 15:53:23,361 | DEBUG   | scrapers.base_scraper | GET https://books.toscrape.com/catalogue/girl-in-the-blue-coat_160/index.html -> HTTP 200
2026-10-06 15:53:24,681 | DEBUG   | scrapers.base_scraper | GET https://books.toscrape.com/catalogue/fruits-basket-vol-3-fruits-basket-3_159/index.html -> HTTP 200
2026-10-06 15:53:25,853 | DEBUG   | scrapers.base_scraper | GET https://books.toscrape.com/catalogue/friday-night-lights-a-town-a-team-and-a-dream_158/index.html -> HTTP 200
2026-10-06 15:53:26,788 | DEBUG   | scrapers.base_scraper | GET https://books.toscrape.com/catalogue/fire-bound-sea-havensisters-of-the-heart-5_157/index.html -> HTTP 200
2026-10-06 15:53:27,697 | DEBUG   | scrapers.base_scraper | GET https://books.toscrape.com/catalogue/fifty-shades-freed-fifty-shades-3_156/index.html -> HTTP 200
2026-10-06 15:53:28,627 | DEBUG   | scrapers.base_scraper | GET https://books.toscrape.com/catalogue/fellside_155/index.html -> HTTP 200
2026-10-06 15:53:29,978 | DEBUG   | scrapers.base_scraper | GET https://books.toscrape.com/catalogue/extreme-prey-lucas-davenport-26_154/index.html -> HTTP 200
2026-10-06 15:53:31,256 | DEBUG   | scrapers.base_scraper | GET https://books.toscrape.com/catalogue/eragon-the-inheritance-cycle-1_153/index.html -> HTTP 200
2026-10-06 15:53:32,540 | DEBUG   | scrapers.base_scraper | GET https://books.toscrape.com/catalogue/eclipse-twilight-3_152/index.html -> HTTP 200
2026-10-06 15:53:33,788 | DEBUG   | scrapers.base_scraper | GET https://books.toscrape.com/catalogue/dune-dune-1_151/index.html -> HTTP 200
2026-10-06 15:53:35,072 | DEBUG   | scrapers.base_scraper | GET https://books.toscrape.com/catalogue/dracula_150/index.html -> HTTP 200
2026-10-06 15:53:36,321 | DEBUG   | scrapers.base_scraper | GET https://books.toscrape.com/catalogue/do-androids-dream-of-electric-sheep-blade-runner-1_149/index.html -> HTTP 200
2026-10-06 15:53:37,697 | DEBUG   | scrapers.base_scraper | GET https://books.toscrape.com/catalogue/disrupted-my-misadventure-in-the-start-up-bubble_148/index.html -> HTTP 200
2026-10-06 15:53:39,287 | DEBUG   | scrapers.base_scraper | GET https://books.toscrape.com/catalogue/dead-wake-the-last-crossing-of-the-lusitania_147/index.html -> HTTP 200
2026-10-06 15:53:40,240 | DEBUG   | scrapers.base_scraper | GET https://books.toscrape.com/catalogue/david-and-goliath-underdogs-misfits-and-the-art-of-battling-giants_146/index.html -> HTTP 200
2026-10-06 15:53:41,523 | DEBUG   | scrapers.base_scraper | GET https://books.toscrape.com/catalogue/darkfever-fever-1_145/index.html -> HTTP 200
2026-10-06 15:53:42,450 | DEBUG   | scrapers.base_scraper | GET https://books.toscrape.com/catalogue/dark-places_144/index.html -> HTTP 200
2026-10-06 15:53:43,419 | DEBUG   | scrapers.base_scraper | GET https://books.toscrape.com/catalogue/crazy-rich-asians-crazy-rich-asians-1_143/index.html -> HTTP 200
2026-10-06 15:53:44,370 | DEBUG   | scrapers.base_scraper | GET https://books.toscrape.com/catalogue/counting-thyme_142/index.html -> HTTP 200
2026-10-06 15:53:45,679 | DEBUG   | scrapers.base_scraper | GET https://books.toscrape.com/catalogue/cosmos_141/index.html -> HTTP 200
2026-10-06 15:53:47,068 | DEBUG   | scrapers.base_scraper | GET https://books.toscrape.com/catalogue/civilization-and-its-discontents_140/index.html -> HTTP 200
2026-10-06 15:53:48,353 | DEBUG   | scrapers.base_scraper | GET https://books.toscrape.com/catalogue/cinder-the-lunar-chronicles-1_139/index.html -> HTTP 200
2026-10-06 15:53:49,609 | DEBUG   | scrapers.base_scraper | GET https://books.toscrape.com/catalogue/catastrophic-happiness-finding-joy-in-childhoods-messy-years_138/index.html -> HTTP 200
2026-10-06 15:53:51,138 | DEBUG   | scrapers.base_scraper | GET https://books.toscrape.com/catalogue/career-of-evil-cormoran-strike-3_137/index.html -> HTTP 200
2026-10-06 15:53:53,026 | DEBUG   | scrapers.base_scraper | GET https://books.toscrape.com/catalogue/breaking-dawn-twilight-4_136/index.html -> HTTP 200
2026-10-06 15:53:54,421 | DEBUG   | scrapers.base_scraper | GET https://books.toscrape.com/catalogue/brave-enough_135/index.html -> HTTP 200
2026-10-06 15:53:55,814 | DEBUG   | scrapers.base_scraper | GET https://books.toscrape.com/catalogue/boy-meets-boy_134/index.html -> HTTP 200
2026-10-06 15:53:57,173 | DEBUG   | scrapers.base_scraper | GET https://books.toscrape.com/catalogue/born-to-run-a-hidden-tribe-superathletes-and-the-greatest-race-the-world-has-never-seen_133/index.html -> HTTP 200
2026-10-06 15:53:58,488 | DEBUG   | scrapers.base_scraper | GET https://books.toscrape.com/catalogue/blink-the-power-of-thinking-without-thinking_132/index.html -> HTTP 200
2026-10-06 15:53:59,685 | DEBUG   | scrapers.base_scraper | GET https://books.toscrape.com/catalogue/black-flags-the-rise-of-isis_131/index.html -> HTTP 200
2026-10-06 15:54:00,917 | DEBUG   | scrapers.base_scraper | GET https://books.toscrape.com/catalogue/black-butler-vol-1-black-butler-1_130/index.html -> HTTP 200
2026-10-06 15:54:02,183 | DEBUG   | scrapers.base_scraper | GET https://books.toscrape.com/catalogue/big-little-lies_129/index.html -> HTTP 200
2026-10-06 15:54:03,481 | DEBUG   | scrapers.base_scraper | GET https://books.toscrape.com/catalogue/between-shades-of-gray_128/index.html -> HTTP 200
2026-10-06 15:54:04,738 | DEBUG   | scrapers.base_scraper | GET https://books.toscrape.com/catalogue/best-of-my-love-fools-gold-20_127/index.html -> HTTP 200
2026-10-06 15:54:06,026 | DEBUG   | scrapers.base_scraper | GET https://books.toscrape.com/catalogue/beowulf_126/index.html -> HTTP 200
2026-10-06 15:54:07,282 | DEBUG   | scrapers.base_scraper | GET https://books.toscrape.com/catalogue/beautiful-creatures-caster-chronicles-1_125/index.html -> HTTP 200
2026-10-06 15:54:08,583 | DEBUG   | scrapers.base_scraper | GET https://books.toscrape.com/catalogue/awkward_124/index.html -> HTTP 200
2026-10-06 15:54:09,815 | DEBUG   | scrapers.base_scraper | GET https://books.toscrape.com/catalogue/ash_123/index.html -> HTTP 200
2026-10-06 15:54:11,066 | DEBUG   | scrapers.base_scraper | GET https://books.toscrape.com/catalogue/are-we-there-yet_122/index.html -> HTTP 200
2026-10-06 15:54:12,274 | DEBUG   | scrapers.base_scraper | GET https://books.toscrape.com/catalogue/are-we-smart-enough-to-know-how-smart-animals-are_121/index.html -> HTTP 200
2026-10-06 15:54:13,463 | DEBUG   | scrapers.base_scraper | GET https://books.toscrape.com/catalogue/annie-on-my-mind_120/index.html -> HTTP 200
2026-10-06 15:54:14,816 | DEBUG   | scrapers.base_scraper | GET https://books.toscrape.com/catalogue/and-then-there-were-none_119/index.html -> HTTP 200
2026-10-06 15:54:16,086 | DEBUG   | scrapers.base_scraper | GET https://books.toscrape.com/catalogue/a-walk-in-the-woods-rediscovering-america-on-the-appalachian-trail_118/index.html -> HTTP 200
2026-10-06 15:54:17,648 | DEBUG   | scrapers.base_scraper | GET https://books.toscrape.com/catalogue/a-visit-from-the-goon-squad_117/index.html -> HTTP 200
2026-10-06 15:54:18,617 | DEBUG   | scrapers.base_scraper | GET https://books.toscrape.com/catalogue/a-storm-of-swords-a-song-of-ice-and-fire-3_116/index.html -> HTTP 200
2026-10-06 15:54:19,883 | DEBUG   | scrapers.base_scraper | GET https://books.toscrape.com/catalogue/a-heartbreaking-work-of-staggering-genius_115/index.html -> HTTP 200
2026-10-06 15:54:21,147 | DEBUG   | scrapers.base_scraper | GET https://books.toscrape.com/catalogue/8-keys-to-mental-health-through-exercise_114/index.html -> HTTP 200
2026-10-06 15:54:22,383 | DEBUG   | scrapers.base_scraper | GET https://books.toscrape.com/catalogue/girlboss_113/index.html -> HTTP 200
2026-10-06 15:54:23,706 | DEBUG   | scrapers.base_scraper | GET https://books.toscrape.com/catalogue/the-suffragettes-little-black-classics-96_112/index.html -> HTTP 200
2026-10-06 15:54:24,968 | DEBUG   | scrapers.base_scraper | GET https://books.toscrape.com/catalogue/the-sense-of-an-ending_111/index.html -> HTTP 200
2026-10-06 15:54:26,202 | DEBUG   | scrapers.base_scraper | GET https://books.toscrape.com/catalogue/the-sandman-vol-2-the-dolls-house-the-sandman-volumes-2_110/index.html -> HTTP 200
2026-10-06 15:54:27,468 | DEBUG   | scrapers.base_scraper | GET https://books.toscrape.com/catalogue/the-course-of-love_109/index.html -> HTTP 200
2026-10-06 15:54:28,784 | DEBUG   | scrapers.base_scraper | GET https://books.toscrape.com/catalogue/sugar-rush-offensive-line-2_108/index.html -> HTTP 200
2026-10-06 15:54:30,102 | DEBUG   | scrapers.base_scraper | GET https://books.toscrape.com/catalogue/saga-volume-2-saga-collected-editions-2_107/index.html -> HTTP 200
2026-10-06 15:54:31,311 | DEBUG   | scrapers.base_scraper | GET https://books.toscrape.com/catalogue/run-spot-run-the-ethics-of-keeping-pets_106/index.html -> HTTP 200
2026-10-06 15:54:32,559 | DEBUG   | scrapers.base_scraper | GET https://books.toscrape.com/catalogue/new-moon-twilight-2_105/index.html -> HTTP 200
2026-10-06 15:54:33,861 | DEBUG   | scrapers.base_scraper | GET https://books.toscrape.com/catalogue/life_104/index.html -> HTTP 200
2026-10-06 15:54:35,327 | DEBUG   | scrapers.base_scraper | GET https://books.toscrape.com/catalogue/kindle-paperwhite-users-guide_103/index.html -> HTTP 200
2026-10-06 15:54:37,176 | DEBUG   | scrapers.base_scraper | GET https://books.toscrape.com/catalogue/h-is-for-hawk_102/index.html -> HTTP 200
2026-10-06 15:54:38,437 | DEBUG   | scrapers.base_scraper | GET https://books.toscrape.com/catalogue/girl-online-on-tour-girl-online-2_101/index.html -> HTTP 200
2026-10-06 15:54:38,966 | INFO    | scrapers.books_scraper | [Books to Scrape] Detail pages: 900/1000
2026-10-06 15:54:39,736 | DEBUG   | scrapers.base_scraper | GET https://books.toscrape.com/catalogue/fruits-basket-vol-2-fruits-basket-2_100/index.html -> HTTP 200
2026-10-06 15:54:41,779 | DEBUG   | scrapers.base_scraper | GET https://books.toscrape.com/catalogue/diary-of-a-minecraft-zombie-book-1-a-scare-of-a-dare-an-unofficial-minecraft-book_99/index.html -> HTTP 200
2026-10-06 15:54:44,223 | DEBUG   | scrapers.base_scraper | GET https://books.toscrape.com/catalogue/y-the-last-man-vol-1-unmanned-y-the-last-man-1_98/index.html -> HTTP 200
2026-10-06 15:54:45,184 | DEBUG   | scrapers.base_scraper | GET https://books.toscrape.com/catalogue/while-you-were-mine_97/index.html -> HTTP 200
2026-10-06 15:54:46,177 | DEBUG   | scrapers.base_scraper | GET https://books.toscrape.com/catalogue/where-lightning-strikes-bleeding-stars-3_96/index.html -> HTTP 200
2026-10-06 15:54:47,125 | DEBUG   | scrapers.base_scraper | GET https://books.toscrape.com/catalogue/when-im-gone_95/index.html -> HTTP 200
2026-10-06 15:54:48,361 | DEBUG   | scrapers.base_scraper | GET https://books.toscrape.com/catalogue/ways-of-seeing_94/index.html -> HTTP 200
2026-10-06 15:54:49,335 | DEBUG   | scrapers.base_scraper | GET https://books.toscrape.com/catalogue/vampire-knight-vol-1-vampire-knight-1_93/index.html -> HTTP 200
2026-10-06 15:54:50,247 | DEBUG   | scrapers.base_scraper | GET https://books.toscrape.com/catalogue/vampire-girl-vampire-girl-1_92/index.html -> HTTP 200
2026-10-06 15:54:51,149 | DEBUG   | scrapers.base_scraper | GET https://books.toscrape.com/catalogue/twenty-love-poems-and-a-song-of-despair_91/index.html -> HTTP 200
2026-10-06 15:54:52,084 | DEBUG   | scrapers.base_scraper | GET https://books.toscrape.com/catalogue/travels-with-charley-in-search-of-america_90/index.html -> HTTP 200
2026-10-06 15:54:53,501 | DEBUG   | scrapers.base_scraper | GET https://books.toscrape.com/catalogue/three-wishes-river-of-time-california-1_89/index.html -> HTTP 200
2026-10-06 15:54:54,792 | DEBUG   | scrapers.base_scraper | GET https://books.toscrape.com/catalogue/this-one-moment-pushing-limits-1_88/index.html -> HTTP 200
2026-10-06 15:54:56,125 | DEBUG   | scrapers.base_scraper | GET https://books.toscrape.com/catalogue/the-zombie-room_87/index.html -> HTTP 200
2026-10-06 15:54:57,345 | DEBUG   | scrapers.base_scraper | GET https://books.toscrape.com/catalogue/the-wicked-the-divine-vol-1-the-faust-act-the-wicked-the-divine_86/index.html -> HTTP 200
2026-10-06 15:54:58,628 | DEBUG   | scrapers.base_scraper | GET https://books.toscrape.com/catalogue/the-tumor_85/index.html -> HTTP 200
2026-10-06 15:54:59,944 | DEBUG   | scrapers.base_scraper | GET https://books.toscrape.com/catalogue/the-story-of-hong-gildong_84/index.html -> HTTP 200
2026-10-06 15:55:01,167 | DEBUG   | scrapers.base_scraper | GET https://books.toscrape.com/catalogue/the-silent-wife_83/index.html -> HTTP 200
2026-10-06 15:55:02,389 | DEBUG   | scrapers.base_scraper | GET https://books.toscrape.com/catalogue/the-silent-twin-detective-jennifer-knight-3_82/index.html -> HTTP 200
2026-10-06 15:55:03,599 | DEBUG   | scrapers.base_scraper | GET https://books.toscrape.com/catalogue/the-selfish-gene_81/index.html -> HTTP 200
2026-10-06 15:55:04,883 | DEBUG   | scrapers.base_scraper | GET https://books.toscrape.com/catalogue/the-secret-healer_80/index.html -> HTTP 200
2026-10-06 15:55:06,425 | DEBUG   | scrapers.base_scraper | GET https://books.toscrape.com/catalogue/the-sandman-vol-1-preludes-and-nocturnes-the-sandman-volumes-1_79/index.html -> HTTP 200
2026-10-06 15:55:07,925 | DEBUG   | scrapers.base_scraper | GET https://books.toscrape.com/catalogue/the-republic_78/index.html -> HTTP 200
2026-10-06 15:55:08,858 | DEBUG   | scrapers.base_scraper | GET https://books.toscrape.com/catalogue/the-odyssey_77/index.html -> HTTP 200
2026-10-06 15:55:10,189 | DEBUG   | scrapers.base_scraper | GET https://books.toscrape.com/catalogue/the-no-1-ladies-detective-agency-no-1-ladies-detective-agency-1_76/index.html -> HTTP 200
2026-10-06 15:55:11,748 | DEBUG   | scrapers.base_scraper | GET https://books.toscrape.com/catalogue/the-nicomachean-ethics_75/index.html -> HTTP 200
2026-10-06 15:55:13,041 | DEBUG   | scrapers.base_scraper | GET https://books.toscrape.com/catalogue/the-name-of-the-wind-the-kingkiller-chronicle-1_74/index.html -> HTTP 200
2026-10-06 15:55:14,607 | DEBUG   | scrapers.base_scraper | GET https://books.toscrape.com/catalogue/the-mirror-the-maze-the-wrath-and-the-dawn-15_73/index.html -> HTTP 200
2026-10-06 15:55:15,502 | DEBUG   | scrapers.base_scraper | GET https://books.toscrape.com/catalogue/the-little-prince_72/index.html -> HTTP 200
2026-10-06 15:55:16,442 | DEBUG   | scrapers.base_scraper | GET https://books.toscrape.com/catalogue/the-light-of-the-fireflies_71/index.html -> HTTP 200
2026-10-06 15:55:17,343 | DEBUG   | scrapers.base_scraper | GET https://books.toscrape.com/catalogue/the-last-girl-the-dominion-trilogy-1_70/index.html -> HTTP 200
2026-10-06 15:55:18,610 | DEBUG   | scrapers.base_scraper | GET https://books.toscrape.com/catalogue/the-iliad_69/index.html -> HTTP 200
2026-10-06 15:55:19,863 | DEBUG   | scrapers.base_scraper | GET https://books.toscrape.com/catalogue/the-hook-up-game-on-1_68/index.html -> HTTP 200
2026-10-06 15:55:21,087 | DEBUG   | scrapers.base_scraper | GET https://books.toscrape.com/catalogue/the-haters_67/index.html -> HTTP 200
2026-10-06 15:55:22,329 | DEBUG   | scrapers.base_scraper | GET https://books.toscrape.com/catalogue/the-girl-you-lost_66/index.html -> HTTP 200
2026-10-06 15:55:23,600 | DEBUG   | scrapers.base_scraper | GET https://books.toscrape.com/catalogue/the-girl-in-the-ice-dci-erika-foster-1_65/index.html -> HTTP 200
2026-10-06 15:55:24,905 | DEBUG   | scrapers.base_scraper | GET https://books.toscrape.com/catalogue/the-end-of-the-jesus-era-an-investigation-1_64/index.html -> HTTP 200
2026-10-06 15:55:26,171 | DEBUG   | scrapers.base_scraper | GET https://books.toscrape.com/catalogue/the-edge-of-reason-bridget-jones-2_63/index.html -> HTTP 200
2026-10-06 15:55:27,467 | DEBUG   | scrapers.base_scraper | GET https://books.toscrape.com/catalogue/the-complete-maus-maus-1-2_62/index.html -> HTTP 200
2026-10-06 15:55:28,709 | DEBUG   | scrapers.base_scraper | GET https://books.toscrape.com/catalogue/the-communist-manifesto_61/index.html -> HTTP 200
2026-10-06 15:55:30,306 | DEBUG   | scrapers.base_scraper | GET https://books.toscrape.com/catalogue/the-bhagavad-gita_60/index.html -> HTTP 200
2026-10-06 15:55:31,187 | DEBUG   | scrapers.base_scraper | GET https://books.toscrape.com/catalogue/the-bette-davis-club_59/index.html -> HTTP 200
2026-10-06 15:55:32,474 | DEBUG   | scrapers.base_scraper | GET https://books.toscrape.com/catalogue/the-art-of-not-breathing_58/index.html -> HTTP 200
2026-10-06 15:55:33,733 | DEBUG   | scrapers.base_scraper | GET https://books.toscrape.com/catalogue/taking-shots-assassins-1_57/index.html -> HTTP 200
2026-10-06 15:55:35,053 | DEBUG   | scrapers.base_scraper | GET https://books.toscrape.com/catalogue/starlark_56/index.html -> HTTP 200
2026-10-06 15:55:36,308 | DEBUG   | scrapers.base_scraper | GET https://books.toscrape.com/catalogue/skip-beat-vol-01-skip-beat-1_55/index.html -> HTTP 200
2026-10-06 15:55:37,653 | DEBUG   | scrapers.base_scraper | GET https://books.toscrape.com/catalogue/sister-sable-the-mad-queen-1_54/index.html -> HTTP 200
2026-10-06 15:55:38,839 | DEBUG   | scrapers.base_scraper | GET https://books.toscrape.com/catalogue/shatter-me-shatter-me-1_53/index.html -> HTTP 200
2026-10-06 15:55:40,081 | DEBUG   | scrapers.base_scraper | GET https://books.toscrape.com/catalogue/shameless_52/index.html -> HTTP 200
2026-10-06 15:55:41,375 | DEBUG   | scrapers.base_scraper | GET https://books.toscrape.com/catalogue/shadow-rites-jane-yellowrock-10_51/index.html -> HTTP 200
2026-10-06 15:55:42,621 | DEBUG   | scrapers.base_scraper | GET https://books.toscrape.com/catalogue/settling-the-score-the-summer-games-1_50/index.html -> HTTP 200
2026-10-06 15:55:43,943 | DEBUG   | scrapers.base_scraper | GET https://books.toscrape.com/catalogue/sense-and-sensibility_49/index.html -> HTTP 200
2026-10-06 15:55:45,366 | DEBUG   | scrapers.base_scraper | GET https://books.toscrape.com/catalogue/saga-volume-1-saga-collected-editions-1_48/index.html -> HTTP 200
2026-10-06 15:55:46,673 | DEBUG   | scrapers.base_scraper | GET https://books.toscrape.com/catalogue/rhythm-chord-malykhin_47/index.html -> HTTP 200
2026-10-06 15:55:47,996 | DEBUG   | scrapers.base_scraper | GET https://books.toscrape.com/catalogue/rat-queens-vol-1-sass-sorcery-rat-queens-collected-editions-1-5_46/index.html -> HTTP 200
2026-10-06 15:55:49,813 | DEBUG   | scrapers.base_scraper | GET https://books.toscrape.com/catalogue/paradise-lost-paradise-1_45/index.html -> HTTP 200
2026-10-06 15:55:51,134 | DEBUG   | scrapers.base_scraper | GET https://books.toscrape.com/catalogue/paper-girls-vol-1-paper-girls-1-5_44/index.html -> HTTP 200
2026-10-06 15:55:52,427 | DEBUG   | scrapers.base_scraper | GET https://books.toscrape.com/catalogue/ouran-high-school-host-club-vol-1-ouran-high-school-host-club-1_43/index.html -> HTTP 200
2026-10-06 15:55:53,684 | DEBUG   | scrapers.base_scraper | GET https://books.toscrape.com/catalogue/origins-alphas-05_42/index.html -> HTTP 200
2026-10-06 15:55:54,964 | DEBUG   | scrapers.base_scraper | GET https://books.toscrape.com/catalogue/one-second-seven-7_41/index.html -> HTTP 200
2026-10-06 15:55:56,218 | DEBUG   | scrapers.base_scraper | GET https://books.toscrape.com/catalogue/on-the-road-duluoz-legend_40/index.html -> HTTP 200
2026-10-06 15:55:57,559 | DEBUG   | scrapers.base_scraper | GET https://books.toscrape.com/catalogue/old-records-never-die-one-mans-quest-for-his-vinyl-and-his-past_39/index.html -> HTTP 200
2026-10-06 15:55:58,851 | DEBUG   | scrapers.base_scraper | GET https://books.toscrape.com/catalogue/off-sides-off-1_38/index.html -> HTTP 200
2026-10-06 15:56:00,410 | DEBUG   | scrapers.base_scraper | GET https://books.toscrape.com/catalogue/of-mice-and-men_37/index.html -> HTTP 200
2026-10-06 15:56:01,352 | DEBUG   | scrapers.base_scraper | GET https://books.toscrape.com/catalogue/myriad-prentor-1_36/index.html -> HTTP 200
2026-10-06 15:56:02,285 | DEBUG   | scrapers.base_scraper | GET https://books.toscrape.com/catalogue/my-perfect-mistake-over-the-top-1_35/index.html -> HTTP 200
2026-10-06 15:56:03,965 | DEBUG   | scrapers.base_scraper | GET https://books.toscrape.com/catalogue/ms-marvel-vol-1-no-normal-ms-marvel-2014-2015-1_34/index.html -> HTTP 200
2026-10-06 15:56:05,318 | DEBUG   | scrapers.base_scraper | GET https://books.toscrape.com/catalogue/meditations_33/index.html -> HTTP 200
2026-10-06 15:56:06,594 | DEBUG   | scrapers.base_scraper | GET https://books.toscrape.com/catalogue/matilda_32/index.html -> HTTP 200
2026-10-06 15:56:07,837 | DEBUG   | scrapers.base_scraper | GET https://books.toscrape.com/catalogue/lost-among-the-living_31/index.html -> HTTP 200
2026-10-06 15:56:09,322 | DEBUG   | scrapers.base_scraper | GET https://books.toscrape.com/catalogue/lord-of-the-flies_30/index.html -> HTTP 200
2026-10-06 15:56:10,953 | DEBUG   | scrapers.base_scraper | GET https://books.toscrape.com/catalogue/listen-to-me-fusion-1_29/index.html -> HTTP 200
2026-10-06 15:56:12,312 | DEBUG   | scrapers.base_scraper | GET https://books.toscrape.com/catalogue/kitchens-of-the-great-midwest_28/index.html -> HTTP 200
2026-10-06 15:56:13,222 | DEBUG   | scrapers.base_scraper | GET https://books.toscrape.com/catalogue/jane-eyre_27/index.html -> HTTP 200
2026-10-06 15:56:14,143 | DEBUG   | scrapers.base_scraper | GET https://books.toscrape.com/catalogue/imperfect-harmony_26/index.html -> HTTP 200
2026-10-06 15:56:15,375 | DEBUG   | scrapers.base_scraper | GET https://books.toscrape.com/catalogue/icing-aces-hockey-2_25/index.html -> HTTP 200
2026-10-06 15:56:16,270 | DEBUG   | scrapers.base_scraper | GET https://books.toscrape.com/catalogue/hawkeye-vol-1-my-life-as-a-weapon-hawkeye-1_24/index.html -> HTTP 200
2026-10-06 15:56:17,261 | DEBUG   | scrapers.base_scraper | GET https://books.toscrape.com/catalogue/having-the-barbarians-baby-ice-planet-barbarians-75_23/index.html -> HTTP 200
2026-10-06 15:56:18,634 | DEBUG   | scrapers.base_scraper | GET https://books.toscrape.com/catalogue/giant-days-vol-1-giant-days-1-4_22/index.html -> HTTP 200
2026-10-06 15:56:19,876 | DEBUG   | scrapers.base_scraper | GET https://books.toscrape.com/catalogue/fruits-basket-vol-1-fruits-basket-1_21/index.html -> HTTP 200
2026-10-06 15:56:21,303 | DEBUG   | scrapers.base_scraper | GET https://books.toscrape.com/catalogue/frankenstein_20/index.html -> HTTP 200
2026-10-06 15:56:22,636 | DEBUG   | scrapers.base_scraper | GET https://books.toscrape.com/catalogue/forever-rockers-the-rocker-12_19/index.html -> HTTP 200
2026-10-06 15:56:23,959 | DEBUG   | scrapers.base_scraper | GET https://books.toscrape.com/catalogue/fighting-fate-fighting-6_18/index.html -> HTTP 200
2026-10-06 15:56:25,333 | DEBUG   | scrapers.base_scraper | GET https://books.toscrape.com/catalogue/emma_17/index.html -> HTTP 200
2026-10-06 15:56:26,314 | DEBUG   | scrapers.base_scraper | GET https://books.toscrape.com/catalogue/eat-pray-love_16/index.html -> HTTP 200
2026-10-06 15:56:27,605 | DEBUG   | scrapers.base_scraper | GET https://books.toscrape.com/catalogue/deep-under-walker-security-1_15/index.html -> HTTP 200
2026-10-06 15:56:28,913 | DEBUG   | scrapers.base_scraper | GET https://books.toscrape.com/catalogue/choosing-our-religion-the-spiritual-lives-of-americas-nones_14/index.html -> HTTP 200
2026-10-06 15:56:30,448 | DEBUG   | scrapers.base_scraper | GET https://books.toscrape.com/catalogue/charlie-and-the-chocolate-factory-charlie-bucket-1_13/index.html -> HTTP 200
2026-10-06 15:56:31,422 | DEBUG   | scrapers.base_scraper | GET https://books.toscrape.com/catalogue/charitys-cross-charles-towne-belles-4_12/index.html -> HTTP 200
2026-10-06 15:56:32,338 | DEBUG   | scrapers.base_scraper | GET https://books.toscrape.com/catalogue/bright-lines_11/index.html -> HTTP 200
2026-10-06 15:56:34,042 | DEBUG   | scrapers.base_scraper | GET https://books.toscrape.com/catalogue/bridget-joness-diary-bridget-jones-1_10/index.html -> HTTP 200
2026-10-06 15:56:35,272 | DEBUG   | scrapers.base_scraper | GET https://books.toscrape.com/catalogue/bounty-colorado-mountain-7_9/index.html -> HTTP 200
2026-10-06 15:56:36,155 | DEBUG   | scrapers.base_scraper | GET https://books.toscrape.com/catalogue/blood-defense-samantha-brinkman-1_8/index.html -> HTTP 200
2026-10-06 15:56:37,214 | DEBUG   | scrapers.base_scraper | GET https://books.toscrape.com/catalogue/bleach-vol-1-strawberry-and-the-soul-reapers-bleach-1_7/index.html -> HTTP 200
2026-10-06 15:56:38,581 | DEBUG   | scrapers.base_scraper | GET https://books.toscrape.com/catalogue/beyond-good-and-evil_6/index.html -> HTTP 200
2026-10-06 15:56:39,738 | DEBUG   | scrapers.base_scraper | GET https://books.toscrape.com/catalogue/alice-in-wonderland-alices-adventures-in-wonderland-1_5/index.html -> HTTP 200
2026-10-06 15:56:40,761 | DEBUG   | scrapers.base_scraper | GET https://books.toscrape.com/catalogue/ajin-demi-human-volume-1-ajin-demi-human-1_4/index.html -> HTTP 200
2026-10-06 15:56:41,989 | DEBUG   | scrapers.base_scraper | GET https://books.toscrape.com/catalogue/a-spys-devotion-the-regency-spies-of-london-1_3/index.html -> HTTP 200
2026-10-06 15:56:42,960 | DEBUG   | scrapers.base_scraper | GET https://books.toscrape.com/catalogue/1st-to-die-womens-murder-club-1_2/index.html -> HTTP 200
2026-10-06 15:56:43,958 | DEBUG   | scrapers.base_scraper | GET https://books.toscrape.com/catalogue/1000-places-to-see-before-you-die_1/index.html -> HTTP 200
2026-10-06 15:56:44,476 | INFO    | scrapers.books_scraper | [Books to Scrape] Detail pages: 1000/1000
2026-10-06 15:56:44,476 | INFO    | scrapers.base_scraper | [Books to Scrape] Finished: 50 pages, 1000 records, 0 unparseable records, completed=True
2026-10-06 15:56:44,612 | INFO    | scrapers.base_scraper | [Quotes to Scrape] Starting at https://quotes.toscrape.com/
2026-10-06 15:56:44,616 | INFO    | scrapers.base_scraper | [Quotes to Scrape] Page 1: https://quotes.toscrape.com/
2026-10-06 15:56:47,492 | DEBUG   | scrapers.base_scraper | GET https://quotes.toscrape.com/ -> HTTP 200
2026-10-06 15:56:48,006 | INFO    | scrapers.base_scraper | [Quotes to Scrape] Page 2: https://quotes.toscrape.com/page/2/
2026-10-06 15:56:48,403 | DEBUG   | scrapers.base_scraper | GET https://quotes.toscrape.com/page/2/ -> HTTP 200
2026-10-06 15:56:48,943 | INFO    | scrapers.base_scraper | [Quotes to Scrape] Page 3: https://quotes.toscrape.com/page/3/
2026-10-06 15:56:49,338 | DEBUG   | scrapers.base_scraper | GET https://quotes.toscrape.com/page/3/ -> HTTP 200
2026-10-06 15:56:49,877 | INFO    | scrapers.base_scraper | [Quotes to Scrape] Page 4: https://quotes.toscrape.com/page/4/
2026-10-06 15:56:50,223 | DEBUG   | scrapers.base_scraper | GET https://quotes.toscrape.com/page/4/ -> HTTP 200
2026-10-06 15:56:50,742 | INFO    | scrapers.base_scraper | [Quotes to Scrape] Page 5: https://quotes.toscrape.com/page/5/
2026-10-06 15:56:51,124 | DEBUG   | scrapers.base_scraper | GET https://quotes.toscrape.com/page/5/ -> HTTP 200
2026-10-06 15:56:51,654 | INFO    | scrapers.base_scraper | [Quotes to Scrape] Page 6: https://quotes.toscrape.com/page/6/
2026-10-06 15:56:52,022 | DEBUG   | scrapers.base_scraper | GET https://quotes.toscrape.com/page/6/ -> HTTP 200
2026-10-06 15:56:52,538 | INFO    | scrapers.base_scraper | [Quotes to Scrape] Page 7: https://quotes.toscrape.com/page/7/
2026-10-06 15:56:52,904 | DEBUG   | scrapers.base_scraper | GET https://quotes.toscrape.com/page/7/ -> HTTP 200
2026-10-06 15:56:53,425 | INFO    | scrapers.base_scraper | [Quotes to Scrape] Page 8: https://quotes.toscrape.com/page/8/
2026-10-06 15:56:53,821 | DEBUG   | scrapers.base_scraper | GET https://quotes.toscrape.com/page/8/ -> HTTP 200
2026-10-06 15:56:54,341 | INFO    | scrapers.base_scraper | [Quotes to Scrape] Page 9: https://quotes.toscrape.com/page/9/
2026-10-06 15:56:54,714 | DEBUG   | scrapers.base_scraper | GET https://quotes.toscrape.com/page/9/ -> HTTP 200
2026-10-06 15:56:55,241 | INFO    | scrapers.base_scraper | [Quotes to Scrape] Page 10: https://quotes.toscrape.com/page/10/
2026-10-06 15:56:55,598 | DEBUG   | scrapers.base_scraper | GET https://quotes.toscrape.com/page/10/ -> HTTP 200
2026-10-06 15:56:56,141 | INFO    | scrapers.base_scraper | [Quotes to Scrape] Finished: 10 pages, 100 records, 0 unparseable records, completed=True
2026-10-06 15:56:56,169 | WARNING | main | Duplicate removed: [Books to Scrape] 'The Star-Touched Queen'
2026-10-06 15:56:56,289 | INFO    | main | Run finished in 1322.9s: final records=1099, rejected=0, duplicates=1, balanced=True
